CREATE DATABASE  IF NOT EXISTS `csit314` /*!40100 DEFAULT CHARACTER SET utf8mb4 */;
USE `csit314`;
-- MariaDB dump 10.17  Distrib 10.4.13-MariaDB, for Win64 (AMD64)
--
-- Host: 127.0.0.1    Database: csit314
-- ------------------------------------------------------
-- Server version	10.4.8-MariaDB

/*!40101 SET @OLD_CHARACTER_SET_CLIENT=@@CHARACTER_SET_CLIENT */;
/*!40101 SET @OLD_CHARACTER_SET_RESULTS=@@CHARACTER_SET_RESULTS */;
/*!40101 SET @OLD_COLLATION_CONNECTION=@@COLLATION_CONNECTION */;
/*!40101 SET NAMES utf8 */;
/*!40103 SET @OLD_TIME_ZONE=@@TIME_ZONE */;
/*!40103 SET TIME_ZONE='+00:00' */;
/*!40014 SET @OLD_UNIQUE_CHECKS=@@UNIQUE_CHECKS, UNIQUE_CHECKS=0 */;
/*!40014 SET @OLD_FOREIGN_KEY_CHECKS=@@FOREIGN_KEY_CHECKS, FOREIGN_KEY_CHECKS=0 */;
/*!40101 SET @OLD_SQL_MODE=@@SQL_MODE, SQL_MODE='NO_AUTO_VALUE_ON_ZERO' */;
/*!40111 SET @OLD_SQL_NOTES=@@SQL_NOTES, SQL_NOTES=0 */;

--
-- Table structure for table `bug`
--

DROP TABLE IF EXISTS `bug`;
/*!40101 SET @saved_cs_client     = @@character_set_client */;
/*!40101 SET character_set_client = utf8 */;
CREATE TABLE `bug` (
  `id` int(11) NOT NULL AUTO_INCREMENT,
  `title` varchar(128) NOT NULL,
  `description` text NOT NULL,
  `bug_status` enum('new','assigned','fixing','pending_review','completed','rejected','reopen') NOT NULL,
  `priority_level` enum('1','2','3') NOT NULL,
  `developer_user_id` int(11) DEFAULT NULL,
  `notes` varchar(1028) DEFAULT NULL,
  `delete_status` enum('enabled','disabled') NOT NULL DEFAULT 'enabled',
  `created_at` int(11) DEFAULT NULL,
  `created_by` int(11) DEFAULT NULL,
  `updated_at` int(11) DEFAULT NULL,
  `updated_by` int(11) DEFAULT NULL,
  PRIMARY KEY (`id`)
) ENGINE=InnoDB AUTO_INCREMENT=2 DEFAULT CHARSET=utf8mb4;
/*!40101 SET character_set_client = @saved_cs_client */;

--
-- Dumping data for table `bug`
--

LOCK TABLES `bug` WRITE;
/*!40000 ALTER TABLE `bug` DISABLE KEYS */;
INSERT INTO `bug` VALUES (1,'keep crashing at profile page','i was trying to update my photo and username, but when i click \'save\', it will crash','new','2',NULL,'','enabled',123,1,123,1),
(2, 'Bug Report: myrtle', 'Tempora quaerat quiquia labore numquam dolorem quaerat. Sit neque numquam eius labore voluptatem porro. Voluptatem velit etincidunt labore adipisci magnam dolor non. Non voluptatem ipsum dolore labore consectetur. Modi quiquia dolor voluptatem. Quaerat modi neque sed porro eius non. Amet non ipsum ut magnam velit quiquia quisquam. Est neque quiquia eius neque quisquam. Dolore labore est non porro dolorem. Ipsum numquam est labore tempora velit voluptatem etincidunt.', 'new', '3', NULL, '', 'enabled', 000, 0, 000, 0),
(3, 'Bug Report: circumcision', 'Est consectetur dolorem ut. Dolor aliquam quaerat adipisci. Sed tempora non neque porro dolorem. Sit consectetur voluptatem consectetur non labore. Labore ut labore quaerat numquam dolore dolore. Quaerat est quisquam tempora quiquia. Tempora tempora etincidunt sed neque. Sed est ut ipsum sed amet sit magnam. Dolor sed sit aliquam tempora dolor labore est. Dolore tempora ut tempora quaerat neque.', 'new', '3', NULL, '', 'enabled', 000, 0, 000, 0),
(4, 'Bug Report: note', 'Consectetur eius velit consectetur amet. Amet quiquia eius eius. Sit amet magnam labore. Adipisci quaerat quisquam dolorem velit ipsum quaerat. Numquam voluptatem sed porro voluptatem dolorem.', 'new', '1', NULL, '', 'enabled', 000, 0, 000, 0),
(5, 'Bug Report: ms', 'Dolorem dolore non labore adipisci eius tempora. Quisquam neque eius modi ipsum ut quisquam. Consectetur est magnam quiquia quaerat dolor quaerat adipisci. Numquam ut sed quisquam consectetur porro dolorem. Dolorem neque dolor quiquia. Labore labore quaerat dolorem non ut amet tempora.', 'new', '2', NULL, '', 'enabled', 000, 0, 000, 0),
(6, 'Bug Report: gadfly', 'Dolorem est amet porro aliquam. Neque sed dolore dolorem. Quaerat est dolore amet dolorem quisquam est dolorem. Quiquia adipisci amet velit neque eius voluptatem sed. Tempora consectetur numquam voluptatem. Quaerat ut etincidunt dolor dolor neque quisquam ipsum. Modi sed dolorem tempora modi modi est tempora. Modi adipisci non magnam sit eius. Quisquam modi dolore sit tempora.', 'new', '3', NULL, '', 'enabled', 000, 0, 000, 0),
(7, 'Bug Report: canal', 'Ut quiquia dolore quiquia porro non non dolore. Quiquia porro porro ipsum eius. Non quaerat numquam quisquam. Ut quaerat dolore non. Labore adipisci tempora labore. Adipisci neque consectetur tempora porro aliquam eius. Tempora sit dolorem modi ut etincidunt quiquia ipsum. Porro quisquam dolorem quiquia voluptatem tempora voluptatem tempora. Eius voluptatem quiquia consectetur ipsum porro.', 'new', '2', NULL, '', 'enabled', 000, 0, 000, 0),
(8, 'Bug Report: Lacerta', 'Numquam neque dolorem consectetur dolorem. Dolore velit ipsum dolor amet tempora aliquam aliquam. Consectetur ut consectetur eius sit. Ut amet amet quisquam modi modi. Modi sed sit ut. Amet consectetur sit porro ut. Numquam quisquam amet magnam. Tempora adipisci ipsum consectetur. Dolor voluptatem est tempora ut aliquam dolor. Quaerat ipsum labore tempora.', 'new', '3', NULL, '', 'enabled', 000, 0, 000, 0),
(9, 'Bug Report: genius', 'Modi voluptatem velit sed. Neque etincidunt voluptatem sit neque dolore dolore etincidunt. Non quiquia modi voluptatem quaerat etincidunt amet. Dolore consectetur porro sed tempora quaerat. Dolor sed sed porro porro porro. Est amet dolorem ut sit dolor quiquia. Amet etincidunt voluptatem tempora ipsum.', 'new', '3', NULL, '', 'enabled', 000, 0, 000, 0),
(10, 'Bug Report: quadrilateral', 'Sed dolore eius adipisci labore est quisquam non. Velit ipsum quaerat adipisci quaerat. Consectetur eius dolore adipisci amet eius dolore. Velit numquam ut amet adipisci. Dolor amet velit quaerat quisquam velit. Magnam est amet magnam aliquam amet. Sed non porro magnam adipisci non consectetur.', 'new', '3', NULL, '', 'enabled', 000, 0, 000, 0),
(11, 'Bug Report: emma', 'Numquam porro aliquam neque dolore quaerat neque dolore. Adipisci sit eius dolor eius modi dolorem. Magnam modi neque ipsum eius dolore. Est etincidunt est quiquia neque est porro. Dolore dolor amet consectetur magnam modi sit dolorem. Quiquia labore voluptatem numquam dolore velit etincidunt. Magnam non non aliquam consectetur dolore porro numquam. Modi dolor consectetur etincidunt porro sed aliquam dolore. Numquam non numquam velit quaerat. Tempora quaerat ut non labore dolorem non quaerat.', 'new', '3', NULL, '', 'enabled', 000, 0, 000, 0),
(12, 'Bug Report: paraphrase', 'Magnam porro labore eius. Quisquam sed amet tempora est quaerat eius. Consectetur amet quiquia neque ipsum eius consectetur. Voluptatem sed magnam est ipsum amet. Voluptatem quiquia quiquia adipisci. Magnam est sit ut etincidunt.', 'new', '3', NULL, '', 'enabled', 000, 0, 000, 0),
(13, 'Bug Report: poplin', 'Dolore est porro sed. Eius voluptatem tempora est adipisci modi. Magnam est neque porro eius est adipisci quisquam. Dolorem non dolorem voluptatem. Sit porro dolor neque labore. Etincidunt voluptatem ut labore. Voluptatem sed numquam magnam porro dolore labore ipsum. Dolor est labore ut voluptatem sit dolorem velit.', 'new', '1', NULL, '', 'enabled', 000, 0, 000, 0),
(14, 'Bug Report: actinic', 'Tempora eius quaerat non dolore voluptatem. Non sed aliquam voluptatem est est. Consectetur labore non quiquia quiquia. Est labore quiquia amet velit modi. Porro adipisci dolorem est ipsum dolorem consectetur etincidunt. Non eius ipsum numquam voluptatem consectetur sed sit. Etincidunt neque velit quiquia modi tempora. Quaerat quisquam quisquam sit. Eius etincidunt non non quaerat adipisci modi. Numquam modi quisquam ut.', 'new', '2', NULL, '', 'enabled', 000, 0, 000, 0),
(15, 'Bug Report: possible', 'Velit velit porro est amet velit adipisci. Quiquia quiquia eius magnam consectetur amet. Etincidunt dolore ipsum amet dolorem quisquam. Labore quiquia magnam est voluptatem consectetur. Eius modi magnam aliquam. Non numquam non est quisquam labore est. Quaerat quiquia dolorem dolore ut dolore dolore adipisci.', 'new', '1', NULL, '', 'enabled', 000, 0, 000, 0),
(16, 'Bug Report: moraine', 'Adipisci adipisci dolore neque modi labore. Adipisci porro dolore magnam voluptatem. Velit magnam numquam quiquia quiquia quisquam quisquam quiquia. Amet porro tempora velit quaerat labore est. Dolor adipisci aliquam ut ipsum eius numquam. Non tempora sed voluptatem amet consectetur. Porro ut sit consectetur. Tempora sit est etincidunt.', 'new', '2', NULL, '', 'enabled', 000, 0, 000, 0),
(17, 'Bug Report: sip', 'Dolor etincidunt dolorem etincidunt. Modi numquam aliquam sit voluptatem quiquia. Eius voluptatem numquam dolor adipisci dolore. Neque aliquam labore non ipsum neque amet. Sit dolor aliquam sed. Dolorem amet adipisci sit velit. Ipsum velit consectetur porro dolore consectetur ut. Quiquia aliquam porro dolore ut. Labore magnam magnam sed magnam quisquam sit. Numquam quiquia sed magnam dolorem.', 'new', '2', NULL, '', 'enabled', 000, 0, 000, 0),
(18, 'Bug Report: rancorous', 'Magnam tempora dolorem sed numquam modi tempora tempora. Magnam tempora dolorem quaerat quisquam numquam dolore. Neque quisquam numquam adipisci voluptatem porro etincidunt. Non labore modi amet neque aliquam aliquam sit. Labore ipsum dolorem dolore numquam magnam amet. Quiquia non sed dolore numquam non dolore dolorem. Velit non dolor dolor aliquam. Quiquia modi quisquam ipsum non modi quaerat ipsum. Numquam porro non magnam. Etincidunt adipisci velit amet adipisci dolorem.', 'new', '3', NULL, '', 'enabled', 000, 0, 000, 0),
(19, 'Bug Report: Rowland', 'Ipsum quiquia eius quisquam est dolor amet. Quaerat porro etincidunt consectetur numquam dolorem ut dolore. Quisquam adipisci ipsum voluptatem eius magnam voluptatem sit. Est dolorem aliquam non ipsum. Porro labore velit est. Magnam dolorem sit amet modi eius amet. Porro etincidunt sit magnam eius. Quisquam ut ipsum dolor sit dolorem.', 'new', '1', NULL, '', 'enabled', 000, 0, 000, 0),
(20, 'Bug Report: Ithaca', 'Sed modi quiquia adipisci dolorem velit. Adipisci quisquam neque dolor non. Tempora dolor sed quaerat amet eius dolorem ut. Velit dolorem sed tempora ipsum non porro numquam. Quisquam est labore dolore quisquam voluptatem magnam sit.', 'new', '3', NULL, '', 'enabled', 000, 0, 000, 0),
(21, 'Bug Report: covalent', 'Dolorem quiquia quiquia porro modi dolorem sed tempora. Adipisci amet etincidunt quisquam est. Velit quiquia non quiquia non dolorem magnam ipsum. Ipsum quisquam dolorem porro porro. Sit numquam est aliquam dolorem. Quiquia quiquia voluptatem ipsum dolore labore eius dolorem. Aliquam eius tempora quaerat velit ut aliquam. Etincidunt quisquam neque dolor porro tempora tempora.', 'new', '1', NULL, '', 'enabled', 000, 0, 000, 0),
(22, 'Bug Report: jute', 'Porro dolorem non labore dolorem. Velit neque quaerat labore adipisci ipsum est quiquia. Tempora dolor numquam quaerat tempora adipisci sit porro. Etincidunt magnam quisquam dolor. Aliquam velit eius ut dolore. Labore aliquam adipisci sit porro. Quiquia porro modi est porro quaerat quisquam eius. Quaerat dolor velit quiquia tempora amet quaerat numquam. Etincidunt porro ipsum consectetur. Quisquam sit tempora dolorem magnam porro.', 'new', '2', NULL, '', 'enabled', 000, 0, 000, 0),
(23, 'Bug Report: shill', 'Voluptatem dolore sed labore quaerat dolor sit tempora. Quiquia sit eius dolor quaerat. Dolorem numquam dolorem adipisci numquam quiquia quisquam dolorem. Velit eius porro ipsum neque tempora. Velit magnam velit sit amet magnam neque.', 'new', '1', NULL, '', 'enabled', 000, 0, 000, 0),
(24, 'Bug Report: Eumenides', 'Modi tempora numquam aliquam labore. Neque quiquia numquam sed. Sit magnam dolorem sed adipisci sit. Etincidunt labore eius quaerat ut porro magnam sit. Dolor est sit quisquam. Quiquia quisquam sit porro amet adipisci. Ut aliquam sed magnam velit.', 'new', '3', NULL, '', 'enabled', 000, 0, 000, 0),
(25, 'Bug Report: clasp', 'Sed voluptatem eius modi non. Amet sed voluptatem labore quiquia voluptatem est dolor. Adipisci ipsum sed voluptatem voluptatem porro. Amet voluptatem quaerat porro magnam sit. Numquam velit modi aliquam consectetur aliquam neque.', 'new', '2', NULL, '', 'enabled', 000, 0, 000, 0),
(26, 'Bug Report: endothermic', 'Ipsum sed velit amet dolore. Etincidunt magnam consectetur quiquia sed quiquia modi. Quiquia numquam amet sit amet amet neque. Ipsum eius numquam tempora sed consectetur etincidunt. Amet sit eius magnam. Quiquia consectetur labore quaerat. Quiquia aliquam quisquam etincidunt magnam velit sit. Dolore quiquia adipisci amet quiquia ut neque magnam. Dolor ipsum modi neque dolore etincidunt. Consectetur sit consectetur voluptatem adipisci magnam.', 'new', '1', NULL, '', 'enabled', 000, 0, 000, 0),
(27, 'Bug Report: galvanic', 'Tempora sed quisquam ut consectetur. Modi etincidunt sed adipisci adipisci neque est. Amet magnam porro adipisci dolore adipisci non. Sed magnam aliquam adipisci. Magnam neque quisquam magnam numquam. Neque quisquam eius etincidunt.', 'new', '2', NULL, '', 'enabled', 000, 0, 000, 0),
(28, 'Bug Report: against', 'Tempora non dolore numquam amet. Eius non dolor ipsum. Eius dolor quisquam ipsum labore. Sit magnam dolorem velit est porro est. Labore ipsum porro etincidunt consectetur velit voluptatem. Etincidunt quiquia eius neque. Eius ut non magnam neque sit quisquam. Tempora amet dolorem sit consectetur etincidunt numquam aliquam.', 'new', '3', NULL, '', 'enabled', 000, 0, 000, 0),
(29, 'Bug Report: Fermat', 'Consectetur dolorem aliquam ipsum aliquam. Etincidunt dolorem tempora voluptatem velit voluptatem labore tempora. Etincidunt dolorem etincidunt numquam. Porro est ipsum numquam quaerat aliquam neque etincidunt. Eius aliquam velit quisquam dolore neque.', 'new', '1', NULL, '', 'enabled', 000, 0, 000, 0),
(30, 'Bug Report: emperor', 'Labore neque magnam voluptatem voluptatem voluptatem labore. Voluptatem non non eius consectetur dolorem. Velit labore quisquam dolor. Quiquia non modi est. Dolor neque dolor dolore magnam quaerat quaerat sit. Dolor velit porro labore. Velit dolor amet dolorem. Sed non voluptatem quaerat magnam modi etincidunt porro. Porro modi magnam ipsum etincidunt magnam eius. Sed ipsum ipsum amet aliquam quiquia ipsum.', 'new', '2', NULL, '', 'enabled', 000, 0, 000, 0),
(31, 'Bug Report: leaden', 'Dolorem ipsum adipisci quiquia amet dolor non. Neque dolor voluptatem quaerat. Est sed ut numquam ipsum tempora. Dolorem eius non quiquia. Amet modi tempora est adipisci ut est neque.', 'new', '1', NULL, '', 'enabled', 000, 0, 000, 0),
(32, 'Bug Report: market', 'Consectetur quiquia ut ipsum. Etincidunt porro sed consectetur voluptatem etincidunt. Quiquia labore numquam etincidunt est quiquia voluptatem. Sit quiquia quaerat sed velit amet. Dolor ut quaerat etincidunt non. Non magnam dolore adipisci consectetur. Est non dolorem magnam eius sit quisquam porro. Quiquia labore non ipsum sit. Neque amet est porro neque dolor eius. Aliquam est quisquam velit ut velit modi.', 'new', '2', NULL, '', 'enabled', 000, 0, 000, 0),
(33, 'Bug Report: plank', 'Sit adipisci neque labore voluptatem amet quaerat. Neque sed velit sit tempora porro etincidunt ipsum. Amet sit etincidunt voluptatem. Non est aliquam labore sit sed. Sit numquam etincidunt sit voluptatem amet. Dolore etincidunt consectetur dolor etincidunt quaerat ipsum ut. Sed aliquam modi etincidunt. Dolorem voluptatem est dolor ut sed.', 'new', '2', NULL, '', 'enabled', 000, 0, 000, 0),
(34, 'Bug Report: Kabuki', 'Sit sed ut ipsum labore ipsum. Porro amet consectetur velit amet. Adipisci amet tempora magnam modi. Neque non eius magnam. Tempora labore sit est non.', 'new', '2', NULL, '', 'enabled', 000, 0, 000, 0),
(35, 'Bug Report: superstitious', 'Voluptatem sit sed labore dolorem porro. Velit eius etincidunt velit voluptatem labore aliquam consectetur. Neque numquam sed adipisci. Ipsum dolorem labore numquam. Aliquam dolorem est ut non. Eius modi dolorem dolorem sed. Quiquia neque aliquam quaerat non amet. Magnam velit quiquia ut quaerat. Neque eius quisquam ipsum sit quisquam.', 'new', '3', NULL, '', 'enabled', 000, 0, 000, 0),
(36, 'Bug Report: RCA', 'Dolorem magnam non quaerat tempora magnam ut. Sit modi quisquam etincidunt dolorem quiquia magnam ut. Quiquia etincidunt tempora ipsum dolore labore numquam. Dolor est dolore dolore. Quiquia est ut porro. Amet etincidunt dolore ut aliquam est. Tempora non sit quisquam quiquia dolore. Magnam ut aliquam etincidunt porro numquam. Aliquam sit dolor dolore. Non modi eius voluptatem.', 'new', '1', NULL, '', 'enabled', 000, 0, 000, 0),
(37, 'Bug Report: far', 'Amet etincidunt etincidunt ipsum modi etincidunt. Magnam velit aliquam voluptatem magnam etincidunt dolorem magnam. Aliquam voluptatem est ipsum dolorem non amet amet. Eius etincidunt ut porro. Aliquam porro porro quaerat porro. Quiquia eius neque quisquam. Amet dolor modi magnam ut quisquam est magnam.', 'new', '1', NULL, '', 'enabled', 000, 0, 000, 0),
(38, 'Bug Report: Baghdad', 'Eius velit eius consectetur aliquam non sed. Magnam sed numquam non neque sit neque etincidunt. Quiquia non quisquam quiquia amet porro tempora ut. Etincidunt etincidunt aliquam sed quiquia eius dolorem dolore. Non quaerat magnam eius dolor modi magnam. Voluptatem porro numquam porro neque. Non quisquam voluptatem amet eius.', 'new', '1', NULL, '', 'enabled', 000, 0, 000, 0),
(39, 'Bug Report: Christy', 'Dolore neque sed est sit. Ipsum aliquam ipsum adipisci labore. Porro etincidunt sit est dolor labore amet tempora. Numquam aliquam ipsum numquam. Sed non ut adipisci ipsum ipsum sed. Dolor ut est consectetur.', 'new', '3', NULL, '', 'enabled', 000, 0, 000, 0),
(40, 'Bug Report: Barclay', 'Sit magnam dolor modi magnam velit dolore. Quisquam numquam eius ut velit. Est velit etincidunt ut numquam consectetur consectetur sed. Velit ipsum quisquam sit non sed adipisci velit. Porro adipisci sit sit. Ut sit est adipisci porro numquam dolore. Amet labore quiquia etincidunt voluptatem.', 'new', '3', NULL, '', 'enabled', 000, 0, 000, 0),
(41, 'Bug Report: benefactor', 'Voluptatem magnam etincidunt sed quiquia est est. Non dolore sed sit. Labore tempora quiquia adipisci dolorem adipisci eius. Ipsum ipsum etincidunt sit. Consectetur quaerat quisquam quisquam quaerat dolor adipisci. Quiquia numquam numquam non aliquam.', 'new', '1', NULL, '', 'enabled', 000, 0, 000, 0),
(42, 'Bug Report: raj', 'Sed voluptatem non etincidunt. Quisquam labore ut quisquam non voluptatem. Ipsum adipisci tempora aliquam ut etincidunt numquam. Amet quaerat non dolorem non. Quisquam ut ipsum neque. Tempora dolorem eius tempora velit porro.', 'new', '3', NULL, '', 'enabled', 000, 0, 000, 0),
(43, 'Bug Report: slouch', 'Adipisci porro quisquam consectetur dolor. Ut modi labore sit aliquam adipisci sit consectetur. Sit adipisci sed quiquia est. Sed amet ipsum voluptatem eius velit ut porro. Adipisci sed voluptatem velit ipsum. Quaerat porro magnam porro. Dolor quisquam numquam eius ipsum quiquia velit porro.', 'new', '3', NULL, '', 'enabled', 000, 0, 000, 0),
(44, 'Bug Report: isinglass', 'Voluptatem eius ut aliquam ipsum ut etincidunt. Velit quaerat etincidunt quiquia. Porro magnam quisquam voluptatem quisquam sed non. Aliquam velit consectetur aliquam consectetur sit magnam. Est ut modi ipsum adipisci quiquia quiquia.', 'new', '3', NULL, '', 'enabled', 000, 0, 000, 0),
(45, 'Bug Report: tablet', 'Aliquam consectetur porro porro. Ipsum adipisci sed consectetur numquam. Dolorem non amet tempora sit dolore adipisci voluptatem. Labore neque est quisquam. Adipisci dolor dolorem quiquia velit consectetur. Aliquam quisquam eius etincidunt sit etincidunt quaerat est. Modi porro modi sit.', 'new', '3', NULL, '', 'enabled', 000, 0, 000, 0),
(46, 'Bug Report: acanthus', 'Quaerat dolore dolor porro quiquia aliquam. Neque consectetur quaerat numquam. Non modi amet voluptatem. Magnam eius tempora ut numquam est voluptatem. Sed amet dolor sit non quaerat. Dolore quaerat amet aliquam.', 'new', '3', NULL, '', 'enabled', 000, 0, 000, 0),
(47, 'Bug Report: Broadway', 'Dolorem quiquia sed dolorem. Labore modi quiquia velit sed dolorem porro. Quaerat labore sed amet. Modi adipisci dolore numquam. Dolor consectetur neque ut magnam neque. Modi quisquam non dolor ut. Dolore consectetur adipisci eius magnam neque eius ipsum.', 'new', '1', NULL, '', 'enabled', 000, 0, 000, 0),
(48, 'Bug Report: Ira', 'Modi labore voluptatem est labore. Ut quisquam aliquam etincidunt dolor numquam. Sed magnam sed modi dolor voluptatem dolore adipisci. Dolore est consectetur amet voluptatem modi aliquam etincidunt. Labore ipsum quaerat non. Numquam magnam porro adipisci dolore ipsum eius. Sit etincidunt est etincidunt. Aliquam amet quisquam tempora. Porro tempora aliquam ipsum etincidunt adipisci quaerat. Adipisci quisquam aliquam dolore etincidunt magnam magnam numquam.', 'new', '3', NULL, '', 'enabled', 000, 0, 000, 0),
(49, 'Bug Report: convergent', 'Aliquam sed consectetur magnam ut ipsum. Voluptatem consectetur dolor consectetur. Eius ut magnam tempora aliquam amet magnam etincidunt. Aliquam non sed quiquia numquam dolorem quiquia non. Non non quiquia ut modi.', 'new', '3', NULL, '', 'enabled', 000, 0, 000, 0),
(50, 'Bug Report: Kimberly', 'Ut eius etincidunt labore quiquia modi voluptatem. Ipsum sit dolore magnam. Neque tempora neque ut magnam. Ut adipisci est etincidunt sit dolorem magnam magnam. Non sed labore magnam labore adipisci aliquam dolor. Eius quisquam quaerat dolorem.', 'new', '3', NULL, '', 'enabled', 000, 0, 000, 0),
(51, 'Bug Report: spilt', 'Ipsum sit dolor quisquam amet dolorem voluptatem. Dolorem neque modi adipisci neque porro. Etincidunt velit eius dolorem etincidunt consectetur neque porro. Ipsum dolor numquam numquam. Modi modi aliquam numquam porro dolor dolorem quiquia.', 'new', '2', NULL, '', 'enabled', 000, 0, 000, 0),
(52, 'Bug Report: heap', 'Magnam quisquam etincidunt numquam. Non porro dolorem eius. Sit sit magnam sit est. Quiquia aliquam velit sit. Neque quaerat dolore quisquam ipsum aliquam sit. Neque sed sed dolor. Tempora sed dolore numquam non est consectetur est. Consectetur velit voluptatem dolor dolorem.', 'new', '3', NULL, '', 'enabled', 000, 0, 000, 0),
(53, 'Bug Report: admiralty', 'Modi amet tempora modi porro. Modi magnam adipisci est consectetur. Sed labore numquam non quisquam consectetur sit. Dolorem amet magnam labore. Tempora quaerat magnam aliquam tempora sit dolorem sit. Ipsum non labore etincidunt numquam etincidunt aliquam dolore. Voluptatem dolorem magnam modi. Magnam sed labore porro. Dolore numquam amet quaerat. Modi labore neque quisquam modi quisquam porro.', 'new', '1', NULL, '', 'enabled', 000, 0, 000, 0),
(54, 'Bug Report: manage', 'Etincidunt sit ipsum quisquam numquam est porro labore. Labore ut dolor dolor dolor eius. Neque velit neque ut quiquia. Magnam quiquia quisquam numquam eius modi. Ipsum voluptatem consectetur aliquam quaerat. Ut ut tempora aliquam velit neque. Eius consectetur magnam eius voluptatem.', 'new', '2', NULL, '', 'enabled', 000, 0, 000, 0),
(55, 'Bug Report: kaleidoscope', 'Est velit non ipsum. Quisquam quisquam ipsum etincidunt sed. Voluptatem labore ut ipsum numquam. Sit porro consectetur adipisci amet. Consectetur amet est ut amet consectetur adipisci velit.', 'new', '1', NULL, '', 'enabled', 000, 0, 000, 0),
(56, 'Bug Report: committeewoman', 'Ut tempora dolor modi. Consectetur voluptatem magnam ut modi eius. Consectetur est non etincidunt. Etincidunt sit sed numquam dolorem adipisci adipisci. Voluptatem quiquia velit porro porro velit porro. Est dolore dolor velit non non. Tempora dolor consectetur eius etincidunt ipsum quisquam.', 'new', '3', NULL, '', 'enabled', 000, 0, 000, 0),
(57, 'Bug Report: around', 'Ipsum adipisci ut ut aliquam. Dolor tempora voluptatem sed dolorem ipsum etincidunt. Dolore velit numquam non modi consectetur magnam neque. Quaerat amet quiquia non amet numquam sit. Est neque sit quiquia tempora. Aliquam sed non dolor magnam. Sit modi voluptatem consectetur neque. Consectetur quaerat quaerat modi.', 'new', '2', NULL, '', 'enabled', 000, 0, 000, 0),
(58, 'Bug Report: tipsy', 'Dolorem labore adipisci non neque. Sed consectetur dolor numquam amet. Dolore non quaerat consectetur amet est sed. Quiquia porro adipisci dolor ut numquam. Labore porro velit numquam. Quisquam quiquia voluptatem etincidunt neque non sed.', 'new', '1', NULL, '', 'enabled', 000, 0, 000, 0),
(59, 'Bug Report: airlock', 'Ut voluptatem dolore quiquia non velit velit. Labore modi non quaerat porro non sit. Adipisci consectetur quiquia aliquam tempora sed porro. Labore dolore eius etincidunt amet sed. Adipisci quaerat amet porro quaerat etincidunt. Sed est ipsum tempora numquam sit. Etincidunt sit quiquia ipsum eius amet quiquia adipisci. Quiquia neque neque consectetur non neque neque. Aliquam etincidunt etincidunt dolorem adipisci ut magnam.', 'new', '1', NULL, '', 'enabled', 000, 0, 000, 0),
(60, 'Bug Report: drugstore', 'Etincidunt amet eius modi labore magnam. Sit quiquia velit labore ipsum modi. Quiquia quaerat voluptatem non. Velit dolore quiquia magnam tempora. Non amet neque sed dolore est. Sit quiquia dolore ipsum est quaerat magnam ut.', 'new', '2', NULL, '', 'enabled', 000, 0, 000, 0),
(61, 'Bug Report: foolhardy', 'Tempora adipisci amet dolorem sit quaerat etincidunt. Adipisci ipsum modi etincidunt magnam adipisci. Adipisci neque quiquia quaerat. Voluptatem consectetur dolorem adipisci numquam consectetur velit. Dolorem modi numquam quiquia neque quaerat. Neque eius ut porro. Quiquia etincidunt etincidunt sit.', 'new', '1', NULL, '', 'enabled', 000, 0, 000, 0),
(62, 'Bug Report: bastion', 'Sed sed consectetur sit sit. Aliquam quisquam tempora dolore aliquam magnam porro magnam. Numquam amet labore est. Eius modi non etincidunt magnam aliquam. Est magnam labore eius.', 'new', '1', NULL, '', 'enabled', 000, 0, 000, 0),
(63, 'Bug Report: Attlee', 'Eius tempora etincidunt labore non. Numquam consectetur modi tempora. Amet modi est quiquia aliquam adipisci amet. Magnam neque ipsum ut. Dolor sit neque dolorem est. Non eius amet quiquia. Voluptatem porro quisquam ut labore voluptatem tempora ut. Ipsum quisquam quiquia etincidunt non aliquam aliquam porro. Labore quiquia neque quiquia neque ut aliquam dolor. Velit tempora numquam dolor quisquam sed amet est.', 'new', '3', NULL, '', 'enabled', 000, 0, 000, 0),
(64, 'Bug Report: Darwin', 'Non quiquia consectetur sed quaerat labore ut magnam. Tempora quisquam dolorem ut tempora tempora consectetur modi. Porro magnam adipisci labore modi quisquam. Est dolore aliquam est voluptatem aliquam quiquia. Tempora neque eius dolore. Labore etincidunt neque neque est. Etincidunt non dolor velit magnam sed dolorem voluptatem. Labore voluptatem ut sit. Porro quaerat sit amet ipsum.', 'new', '1', NULL, '', 'enabled', 000, 0, 000, 0),
(65, 'Bug Report: collegian', 'Velit adipisci neque non modi dolore voluptatem. Neque ut magnam modi sit sit eius dolorem. Non ut neque non. Sit velit porro etincidunt aliquam quisquam dolore. Etincidunt aliquam velit voluptatem tempora consectetur etincidunt. Magnam dolor velit eius. Quiquia porro dolorem magnam sed quisquam. Sit adipisci consectetur quisquam numquam.', 'new', '3', NULL, '', 'enabled', 000, 0, 000, 0),
(66, 'Bug Report: cutworm', 'Dolor dolor tempora amet dolore. Dolore velit labore magnam quisquam dolor. Numquam consectetur numquam modi dolore. Sed sit ut dolore. Adipisci dolorem voluptatem non dolore amet porro. Amet labore adipisci ipsum adipisci etincidunt non neque. Ipsum ipsum porro ipsum quiquia velit consectetur.', 'new', '1', NULL, '', 'enabled', 000, 0, 000, 0),
(67, 'Bug Report: topsoil', 'Labore neque quiquia magnam labore est etincidunt numquam. Magnam dolore magnam est aliquam. Est consectetur quisquam magnam. Tempora sed sed numquam labore. Eius quaerat est voluptatem quiquia quisquam eius. Porro quaerat magnam amet ut est est. Sit etincidunt dolor velit. Consectetur consectetur tempora quiquia.', 'new', '2', NULL, '', 'enabled', 000, 0, 000, 0),
(68, 'Bug Report: Hanna', 'Quaerat tempora adipisci sed eius tempora sed dolore. Amet ut quaerat magnam aliquam. Velit labore ipsum voluptatem quaerat voluptatem. Non etincidunt quisquam sed porro. Dolore porro aliquam sit. Numquam amet neque adipisci ipsum. Quisquam magnam neque est consectetur dolorem. Quisquam velit ipsum adipisci. Aliquam numquam etincidunt est. Non porro porro etincidunt est consectetur etincidunt aliquam.', 'new', '2', NULL, '', 'enabled', 000, 0, 000, 0),
(69, 'Bug Report: chorus', 'Voluptatem eius voluptatem non. Tempora dolor amet est sed quiquia porro. Dolorem magnam tempora etincidunt quisquam aliquam consectetur. Est labore magnam quisquam. Sit non labore quisquam. Tempora sit magnam dolore ut amet. Quisquam sed velit etincidunt amet voluptatem amet. Amet aliquam est dolorem numquam sed aliquam. Quisquam voluptatem dolorem modi. Porro modi est dolor numquam quisquam.', 'new', '1', NULL, '', 'enabled', 000, 0, 000, 0),
(70, 'Bug Report: account', 'Non sit consectetur quaerat voluptatem. Dolore numquam non labore eius. Sit quisquam modi magnam dolorem tempora sit. Quiquia dolor porro voluptatem magnam quisquam. Quisquam quisquam ipsum velit quisquam. Ipsum quaerat porro dolorem dolore consectetur sed neque.', 'new', '1', NULL, '', 'enabled', 000, 0, 000, 0),
(71, 'Bug Report: Oceania', 'Dolorem consectetur sed porro. Labore dolore modi dolore tempora labore. Non etincidunt numquam est neque etincidunt quaerat sit. Sed ipsum sit aliquam. Porro magnam aliquam velit. Sed adipisci dolorem labore modi velit. Ipsum voluptatem adipisci etincidunt sed.', 'new', '1', NULL, '', 'enabled', 000, 0, 000, 0),
(72, 'Bug Report: forgery', 'Velit neque aliquam magnam amet aliquam. Quiquia tempora amet quisquam. Magnam neque quisquam modi labore ipsum. Adipisci ut neque neque etincidunt quaerat ipsum modi. Dolore adipisci ut dolore labore est consectetur. Quaerat sed voluptatem neque. Etincidunt sit tempora non amet. Modi etincidunt ipsum quisquam. Non labore non dolore modi est.', 'new', '1', NULL, '', 'enabled', 000, 0, 000, 0),
(73, 'Bug Report: scarves', 'Labore dolore ipsum aliquam quisquam dolorem. Amet etincidunt est quisquam. Aliquam consectetur labore quaerat quisquam dolore. Dolore quiquia dolor velit consectetur dolorem. Voluptatem est magnam porro eius etincidunt modi amet.', 'new', '2', NULL, '', 'enabled', 000, 0, 000, 0),
(74, 'Bug Report: indisputable', 'Velit non porro sed neque. Quiquia magnam porro ut porro dolor. Sit tempora dolor dolorem. Amet adipisci dolorem tempora magnam ut modi est. Dolor sed eius magnam. Porro voluptatem aliquam ipsum eius ut. Ut sit sed dolorem quiquia non porro. Eius dolorem etincidunt dolorem. Labore sed labore consectetur.', 'new', '2', NULL, '', 'enabled', 000, 0, 000, 0),
(75, 'Bug Report: innovate', 'Non dolore magnam quiquia labore. Porro magnam ipsum tempora consectetur sit numquam sed. Labore amet ut adipisci. Consectetur dolorem ipsum velit modi dolore. Porro aliquam ipsum magnam. Dolor adipisci non eius aliquam. Adipisci consectetur numquam etincidunt sed modi. Voluptatem voluptatem amet labore. Porro ipsum consectetur dolor modi quaerat dolore.', 'new', '2', NULL, '', 'enabled', 000, 0, 000, 0),
(76, 'Bug Report: arthropod', 'Velit amet tempora quiquia. Amet velit dolorem modi non consectetur. Quisquam quisquam ut quisquam. Sit dolor sit etincidunt. Tempora aliquam dolore quiquia. Numquam labore eius labore porro numquam neque ut.', 'new', '1', NULL, '', 'enabled', 000, 0, 000, 0),
(77, 'Bug Report: Upton', 'Dolor consectetur voluptatem voluptatem ipsum etincidunt. Adipisci etincidunt ut quisquam aliquam porro non quiquia. Quiquia aliquam amet quiquia ut. Numquam dolore sit etincidunt numquam ipsum magnam voluptatem. Quaerat est ipsum dolorem aliquam. Non velit labore porro labore voluptatem.', 'new', '1', NULL, '', 'enabled', 000, 0, 000, 0),
(78, 'Bug Report: hideaway', 'Neque ut voluptatem ut tempora tempora porro dolorem. Quisquam modi eius quisquam consectetur dolore porro dolore. Dolor amet velit sed ipsum dolore porro. Eius quiquia dolore eius dolorem. Porro ipsum quaerat dolorem quisquam eius. Numquam porro est amet magnam adipisci quiquia. Sit non tempora quisquam ipsum adipisci. Numquam aliquam consectetur sed non quiquia modi. Amet quisquam aliquam sed magnam quisquam modi.', 'new', '2', NULL, '', 'enabled', 000, 0, 000, 0),
(79, 'Bug Report: Lagrange', 'Adipisci dolore dolorem velit non non. Sed ipsum non velit modi porro non velit. Quaerat dolorem consectetur porro. Labore dolore aliquam eius quaerat sed ipsum. Adipisci voluptatem amet dolorem voluptatem dolor sed. Eius dolorem modi quisquam est amet neque. Voluptatem quaerat labore amet porro dolorem. Dolore modi magnam porro modi. Sit dolor neque tempora est.', 'new', '1', NULL, '', 'enabled', 000, 0, 000, 0),
(80, 'Bug Report: torn', 'Etincidunt est tempora numquam. Modi dolorem sit numquam etincidunt etincidunt. Velit porro voluptatem dolore magnam dolorem. Eius neque dolore quisquam ipsum. Sit adipisci sit etincidunt. Amet non quisquam quiquia magnam dolor. Aliquam magnam quaerat quisquam adipisci amet dolore quisquam.', 'new', '1', NULL, '', 'enabled', 000, 0, 000, 0),
(81, 'Bug Report: Adirondack', 'Dolor sed dolor consectetur. Ipsum dolore quiquia voluptatem. Porro voluptatem eius velit quisquam. Porro numquam est dolore. Est porro dolor magnam dolore neque. Sed dolore labore voluptatem non sit numquam. Porro modi aliquam dolor dolore ipsum non. Tempora labore quiquia est quiquia aliquam sed aliquam. Voluptatem magnam adipisci porro consectetur quaerat amet.', 'new', '1', NULL, '', 'enabled', 000, 0, 000, 0),
(82, 'Bug Report: thymine', 'Dolorem dolor sit quisquam numquam sit. Porro numquam velit quisquam. Amet eius magnam aliquam. Non amet est quaerat porro. Quaerat dolor quaerat adipisci eius non est dolorem. Velit sit dolorem tempora numquam. Tempora amet ut consectetur. Aliquam est non voluptatem magnam quisquam neque est.', 'new', '3', NULL, '', 'enabled', 000, 0, 000, 0),
(83, 'Bug Report: solecism', 'Quiquia voluptatem sed velit. Sed consectetur est ipsum magnam quaerat magnam. Labore consectetur aliquam adipisci. Adipisci sit dolorem magnam. Voluptatem voluptatem dolore porro velit velit ipsum labore.', 'new', '1', NULL, '', 'enabled', 000, 0, 000, 0),
(84, 'Bug Report: ajar', 'Eius numquam quaerat est numquam neque. Consectetur numquam sit non quiquia non dolore. Porro est sit porro neque. Quisquam tempora sit neque dolor modi. Ut est sed tempora. Velit dolore amet numquam quaerat sit etincidunt. Tempora tempora consectetur velit. Dolor consectetur dolorem quisquam ipsum.', 'new', '1', NULL, '', 'enabled', 000, 0, 000, 0),
(85, 'Bug Report: vicar', 'Ut aliquam tempora labore sit quiquia. Dolor dolore voluptatem numquam. Labore velit etincidunt est numquam modi voluptatem sed. Quiquia eius numquam velit. Ut dolor quiquia dolorem neque tempora. Aliquam consectetur quaerat voluptatem consectetur magnam est velit. Etincidunt ut amet numquam quiquia consectetur porro adipisci. Sit porro tempora dolor ipsum dolor adipisci.', 'new', '2', NULL, '', 'enabled', 000, 0, 000, 0),
(86, 'Bug Report: snob', 'Adipisci dolorem velit quaerat amet quaerat eius. Eius ipsum amet quaerat. Adipisci numquam etincidunt numquam ut labore amet. Adipisci modi quaerat porro. Labore consectetur tempora tempora adipisci modi adipisci numquam. Quaerat quiquia quisquam amet modi. Porro dolorem ipsum velit ut velit etincidunt. Sit eius tempora tempora neque non dolore non. Quisquam porro quiquia labore aliquam etincidunt numquam velit.', 'new', '3', NULL, '', 'enabled', 000, 0, 000, 0),
(87, 'Bug Report: countywide', 'Voluptatem eius labore eius numquam magnam etincidunt. Labore est dolorem aliquam labore neque aliquam quisquam. Non magnam aliquam dolor eius etincidunt sed. Numquam quisquam amet eius. Tempora eius quiquia porro quaerat. Etincidunt sed tempora voluptatem eius.', 'new', '1', NULL, '', 'enabled', 000, 0, 000, 0),
(88, 'Bug Report: trust', 'Porro adipisci magnam ut ut amet voluptatem. Est ipsum numquam etincidunt voluptatem neque magnam. Quaerat sit dolore sed. Quiquia consectetur est quisquam ut adipisci quaerat non. Numquam voluptatem etincidunt non etincidunt eius. Est quisquam porro modi. Neque dolor dolore modi. Labore ut dolor consectetur. Voluptatem aliquam labore dolorem quisquam.', 'new', '1', NULL, '', 'enabled', 000, 0, 000, 0),
(89, 'Bug Report: ode', 'Est sed sit consectetur labore amet magnam. Quiquia labore modi sit quaerat magnam. Dolorem est aliquam dolor quaerat dolore consectetur sit. Dolor dolor labore etincidunt labore dolorem. Non magnam est velit dolorem velit modi. Aliquam dolorem quiquia numquam. Aliquam velit dolorem eius. Ipsum velit non modi neque amet quiquia neque. Quiquia est numquam aliquam velit dolorem aliquam. Neque aliquam sed quaerat amet magnam numquam.', 'new', '1', NULL, '', 'enabled', 000, 0, 000, 0),
(90, 'Bug Report: magisterial', 'Magnam aliquam dolore ipsum. Porro sed neque eius. Modi amet numquam quaerat porro ipsum sit. Velit labore ipsum quisquam sit eius adipisci eius. Voluptatem ut eius est numquam dolor quiquia eius. Voluptatem ut consectetur sit aliquam. Etincidunt numquam etincidunt voluptatem dolor velit aliquam. Neque non voluptatem numquam labore. Consectetur porro sed quisquam quaerat. Dolore modi ut tempora consectetur numquam non dolorem.', 'new', '1', NULL, '', 'enabled', 000, 0, 000, 0),
(91, 'Bug Report: myocardium', 'Dolorem aliquam labore quaerat modi dolorem. Etincidunt non ipsum quisquam. Quiquia ipsum dolorem modi. Eius adipisci non sit quisquam neque magnam dolor. Ut magnam non sed modi consectetur est dolore.', 'new', '2', NULL, '', 'enabled', 000, 0, 000, 0),
(92, 'Bug Report: Alberto', 'Tempora ut est sed dolor. Voluptatem velit ut non sed. Sit amet tempora sit amet aliquam. Porro magnam sit quiquia amet eius. Porro ut quiquia neque amet adipisci dolorem modi. Est ipsum sit dolore labore quisquam velit. Labore dolore ut consectetur quiquia sit sed neque.', 'new', '3', NULL, '', 'enabled', 000, 0, 000, 0),
(93, 'Bug Report: papery', 'Numquam amet aliquam porro dolore sit est eius. Aliquam sed dolore numquam amet etincidunt est. Dolorem ipsum non eius est etincidunt magnam aliquam. Ut consectetur velit porro voluptatem est. Est quisquam dolor velit labore est. Quaerat ut numquam tempora dolor sed. Voluptatem consectetur quiquia amet adipisci labore. Neque numquam voluptatem sit consectetur ipsum dolorem.', 'new', '3', NULL, '', 'enabled', 000, 0, 000, 0),
(94, 'Bug Report: plectrum', 'Tempora numquam eius sit quisquam sed modi etincidunt. Quiquia porro quaerat voluptatem est sed labore labore. Etincidunt ut adipisci quisquam dolorem consectetur. Dolorem neque modi voluptatem ipsum tempora velit etincidunt. Modi ut sit dolor neque modi sit voluptatem. Est amet quiquia adipisci sit etincidunt. Ipsum dolorem sit non aliquam. Non quiquia consectetur amet eius. Non sit magnam velit etincidunt eius etincidunt. Eius neque adipisci magnam est ipsum ut.', 'new', '3', NULL, '', 'enabled', 000, 0, 000, 0),
(95, 'Bug Report: portrait', 'Tempora dolore labore velit. Eius tempora voluptatem ipsum non quaerat. Dolore consectetur est etincidunt ut labore sit. Dolore ut dolor non neque sit quisquam neque. Dolorem labore porro quaerat sit modi non. Dolor consectetur dolor quisquam numquam dolorem. Dolore modi dolore dolore amet.', 'new', '3', NULL, '', 'enabled', 000, 0, 000, 0),
(96, 'Bug Report: Atkinson', 'Non ut numquam sed velit etincidunt voluptatem dolorem. Velit numquam voluptatem voluptatem labore dolore quisquam magnam. Est dolore porro voluptatem magnam. Labore non non numquam porro modi. Neque quiquia etincidunt amet.', 'new', '3', NULL, '', 'enabled', 000, 0, 000, 0),
(97, 'Bug Report: toffee', 'Aliquam etincidunt quiquia ipsum. Aliquam ut consectetur quaerat consectetur dolor ut. Est dolore dolor quisquam. Dolorem porro etincidunt velit consectetur numquam sed eius. Amet non amet est. Tempora sed quaerat dolore. Porro quaerat sit sed adipisci non dolor amet. Neque sed dolore ipsum dolore magnam magnam. Porro porro adipisci consectetur tempora numquam adipisci eius.', 'new', '2', NULL, '', 'enabled', 000, 0, 000, 0),
(98, 'Bug Report: lineal', 'Non ut consectetur dolore velit consectetur porro. Consectetur consectetur aliquam quaerat tempora numquam. Sit velit quisquam quisquam quiquia quisquam labore. Magnam dolor labore tempora dolor amet. Ut voluptatem consectetur aliquam tempora adipisci. Velit porro est consectetur non. Quaerat adipisci velit est labore est est.', 'new', '3', NULL, '', 'enabled', 000, 0, 000, 0),
(99, 'Bug Report: audacity', 'Sit dolorem amet eius neque quiquia quaerat. Modi quiquia dolorem quisquam magnam quaerat etincidunt eius. Adipisci voluptatem dolore neque. Adipisci consectetur sed aliquam. Modi ut ut neque. Etincidunt etincidunt velit tempora modi magnam est. Velit non labore sit est non etincidunt.', 'new', '2', NULL, '', 'enabled', 000, 0, 000, 0),
(100, 'Bug Report: angiosperm', 'Neque dolore dolorem non. Ipsum sed neque ipsum eius quiquia. Adipisci neque eius ut velit. Amet dolore amet neque dolore porro sit aliquam. Magnam non ipsum numquam consectetur ut.', 'new', '1', NULL, '', 'enabled', 000, 0, 000, 0),
(101, 'Bug Report: secret', 'Non voluptatem velit labore dolorem tempora dolore. Neque neque ipsum etincidunt adipisci non etincidunt. Numquam est numquam ut tempora non. Tempora amet non non amet voluptatem. Labore sed neque quisquam ipsum quaerat quaerat.', 'new', '2', NULL, '', 'enabled', 000, 0, 000, 0),
(102, 'Bug Report: salvo', 'Modi ut dolor quisquam. Tempora voluptatem consectetur velit. Non voluptatem numquam adipisci dolore. Quiquia neque magnam aliquam sed. Sit dolorem adipisci numquam amet porro. Amet quiquia tempora quaerat consectetur sed. Numquam porro quisquam dolor etincidunt aliquam aliquam. Magnam adipisci quaerat sed. Etincidunt sed velit sit velit ipsum. Sed magnam modi etincidunt.', 'new', '2', NULL, '', 'enabled', 000, 0, 000, 0),
(103, 'Bug Report: trinket', 'Velit dolore consectetur tempora eius velit. Numquam sit neque tempora consectetur. Sed adipisci non neque numquam velit. Ut numquam dolorem ut. Velit neque ut modi adipisci. Ut eius sit modi aliquam sit tempora. Aliquam quaerat quiquia adipisci aliquam.', 'new', '1', NULL, '', 'enabled', 000, 0, 000, 0),
(104, 'Bug Report: goldfinch', 'Dolorem quiquia quisquam sed voluptatem. Quiquia adipisci non velit velit. Consectetur dolore ipsum ipsum dolorem adipisci est velit. Quaerat quaerat aliquam ipsum. Ut labore aliquam est quaerat tempora. Amet numquam dolor sed ut aliquam modi porro. Est non eius sed numquam etincidunt.', 'new', '2', NULL, '', 'enabled', 000, 0, 000, 0),
(105, 'Bug Report: Napoleonic', 'Amet non consectetur aliquam. Est etincidunt quiquia ipsum voluptatem labore labore. Quiquia quiquia numquam sit. Aliquam amet dolore amet neque. Quisquam dolore velit eius amet consectetur ipsum est. Adipisci numquam modi ipsum dolorem. Aliquam quiquia dolorem modi dolorem est voluptatem. Neque eius etincidunt voluptatem velit aliquam. Tempora quaerat porro non aliquam tempora ipsum.', 'new', '1', NULL, '', 'enabled', 000, 0, 000, 0),
(106, 'Bug Report: xerox', 'Magnam etincidunt velit labore aliquam non velit. Neque neque consectetur modi numquam tempora. Consectetur numquam sit adipisci. Dolore sed modi quaerat voluptatem consectetur adipisci. Etincidunt etincidunt magnam neque adipisci porro. Porro est etincidunt est tempora dolor dolorem. Porro eius est quisquam numquam quisquam tempora. Modi est quiquia tempora adipisci ut numquam. Voluptatem non ut est eius quiquia aliquam eius. Adipisci est quiquia labore velit aliquam voluptatem quiquia.', 'new', '1', NULL, '', 'enabled', 000, 0, 000, 0),
(107, 'Bug Report: worse', 'Dolore non numquam etincidunt consectetur velit. Dolor modi dolorem consectetur numquam dolorem est. Consectetur tempora etincidunt modi. Adipisci porro consectetur numquam quaerat ipsum amet voluptatem. Magnam velit tempora etincidunt. Sit velit eius ut. Dolor neque labore quaerat dolorem etincidunt etincidunt consectetur.', 'new', '1', NULL, '', 'enabled', 000, 0, 000, 0),
(108, 'Bug Report: Thermofax', 'Ipsum dolore labore etincidunt quaerat dolore sit. Amet quaerat voluptatem quiquia sed modi. Sit sit magnam labore. Porro consectetur quisquam etincidunt quiquia dolor. Ut etincidunt modi labore. Aliquam sed modi etincidunt dolorem sit etincidunt. Adipisci modi ipsum dolorem non quiquia labore. Velit non velit ut aliquam sit. Tempora quaerat ipsum ut non.', 'new', '2', NULL, '', 'enabled', 000, 0, 000, 0),
(109, 'Bug Report: collegian', 'Ipsum dolor magnam consectetur dolore dolorem. Neque velit etincidunt numquam dolorem. Velit adipisci dolore sit. Quisquam tempora numquam consectetur neque tempora. Est non labore adipisci quaerat quisquam tempora labore. Tempora sit numquam porro dolorem numquam amet. Modi magnam adipisci est. Ipsum magnam sit quaerat voluptatem.', 'new', '1', NULL, '', 'enabled', 000, 0, 000, 0),
(110, 'Bug Report: shipbuilding', 'Numquam dolorem adipisci numquam magnam. Velit dolorem etincidunt quisquam porro quiquia est. Voluptatem neque porro velit est neque numquam non. Magnam ipsum magnam sit modi eius dolor. Voluptatem quisquam consectetur dolor velit. Neque quisquam modi quisquam etincidunt est sed eius. Voluptatem est amet numquam voluptatem. Sed ipsum eius adipisci. Quisquam sed quaerat ut voluptatem numquam.', 'new', '3', NULL, '', 'enabled', 000, 0, 000, 0),
(111, 'Bug Report: parboil', 'Quaerat eius magnam sit. Velit magnam ut est magnam est velit non. Velit tempora consectetur eius magnam quiquia. Amet voluptatem amet quisquam dolor. Est tempora non est velit labore. Quisquam ut labore aliquam aliquam non ipsum neque. Sed dolore est ipsum. Amet ut magnam quaerat. Dolor dolorem etincidunt voluptatem labore sed non eius.', 'new', '3', NULL, '', 'enabled', 000, 0, 000, 0),
(112, 'Bug Report: crewel', 'Modi adipisci amet voluptatem sit. Dolorem tempora amet ut dolorem magnam adipisci non. Etincidunt quaerat adipisci sit magnam aliquam dolorem. Est ut adipisci labore aliquam consectetur velit. Ipsum numquam magnam eius. Sed neque labore dolor ipsum. Voluptatem porro sit quisquam.', 'new', '2', NULL, '', 'enabled', 000, 0, 000, 0),
(113, 'Bug Report: accede', 'Magnam modi neque consectetur est sit. Quisquam numquam adipisci etincidunt quisquam dolor. Est quaerat quaerat sed tempora ut velit dolore. Labore velit non velit dolorem. Dolorem est velit modi labore.', 'new', '2', NULL, '', 'enabled', 000, 0, 000, 0),
(114, 'Bug Report: Aquarius', 'Porro labore est etincidunt eius. Modi voluptatem neque amet. Sit amet amet amet eius. Dolor magnam etincidunt magnam est. Quiquia aliquam quaerat quisquam dolorem est quaerat sit. Neque tempora labore amet magnam dolorem dolore ipsum. Modi adipisci neque etincidunt ipsum amet non. Dolor quiquia neque porro sed dolore est.', 'new', '3', NULL, '', 'enabled', 000, 0, 000, 0),
(115, 'Bug Report: swag', 'Numquam amet velit magnam neque est. Sed dolor velit dolore quisquam porro ipsum ipsum. Ut voluptatem dolore neque velit non dolorem. Modi dolor voluptatem amet magnam aliquam. Modi dolor labore tempora. Amet porro dolorem est etincidunt eius sit ipsum.', 'new', '1', NULL, '', 'enabled', 000, 0, 000, 0),
(116, 'Bug Report: Sammy', 'Quaerat neque dolorem numquam velit modi magnam. Quisquam tempora dolore ipsum consectetur aliquam adipisci quisquam. Quiquia ipsum magnam magnam consectetur. Aliquam quisquam non voluptatem. Aliquam quisquam magnam labore est dolore dolor velit. Numquam amet labore dolore quiquia dolorem tempora. Porro quisquam quiquia amet est dolore sit etincidunt.', 'new', '2', NULL, '', 'enabled', 000, 0, 000, 0),
(117, 'Bug Report: provost', 'Voluptatem magnam consectetur etincidunt. Quiquia est ipsum dolorem dolorem quisquam tempora. Ut ut aliquam labore quisquam sed velit. Tempora magnam ipsum quiquia aliquam adipisci quaerat quaerat. Numquam numquam dolor dolorem est ipsum. Non aliquam tempora dolorem est. Quiquia adipisci labore ipsum velit numquam sit. Labore magnam voluptatem dolor dolor eius.', 'new', '1', NULL, '', 'enabled', 000, 0, 000, 0),
(118, 'Bug Report: chutney', 'Velit dolor ipsum modi. Quaerat ut velit dolorem labore adipisci. Ipsum sit dolor sit velit quiquia velit. Quaerat neque non ut consectetur quisquam modi dolor. Non neque labore sed. Porro quaerat quiquia neque sit labore. Sed amet dolorem porro tempora. Ipsum dolorem quiquia quisquam adipisci velit dolorem. Non velit numquam dolor.', 'new', '1', NULL, '', 'enabled', 000, 0, 000, 0),
(119, 'Bug Report: cipher', 'Consectetur adipisci amet voluptatem ut quisquam. Amet quiquia amet est consectetur labore. Porro dolor neque quisquam sed consectetur dolor consectetur. Dolore velit amet dolorem quaerat porro. Magnam labore porro neque magnam velit. Numquam consectetur labore ipsum amet. Adipisci quiquia consectetur sit modi. Ut consectetur dolore quisquam etincidunt quisquam voluptatem.', 'new', '2', NULL, '', 'enabled', 000, 0, 000, 0),
(120, 'Bug Report: Eileen', 'Eius consectetur magnam magnam. Dolorem non magnam labore ipsum porro. Sed dolor sed eius dolor. Etincidunt labore quiquia modi. Magnam voluptatem dolor adipisci non eius sit quaerat. Aliquam dolor dolorem quiquia quisquam sit. Amet porro modi magnam quiquia quiquia numquam adipisci. Non consectetur tempora labore quisquam. Non ut porro sit velit sit non. Dolorem magnam etincidunt amet non dolor est dolor.', 'new', '1', NULL, '', 'enabled', 000, 0, 000, 0),
(121, 'Bug Report: something', 'Numquam dolor consectetur voluptatem adipisci dolore. Non sed quaerat neque. Modi adipisci numquam magnam. Amet eius velit labore neque. Numquam porro voluptatem consectetur etincidunt quaerat. Etincidunt adipisci est labore amet quiquia amet ipsum. Quaerat aliquam quiquia ipsum. Est dolore etincidunt labore quaerat ut velit. Quiquia consectetur neque quaerat neque amet labore.', 'new', '2', NULL, '', 'enabled', 000, 0, 000, 0),
(122, 'Bug Report: meson', 'Velit non quiquia sed adipisci quisquam. Voluptatem sed porro sit ipsum. Est amet etincidunt velit quaerat modi dolorem sit. Porro numquam dolorem voluptatem modi velit. Modi aliquam magnam labore.', 'new', '2', NULL, '', 'enabled', 000, 0, 000, 0),
(123, 'Bug Report: whelm', 'Ut eius ut ut dolore eius. Dolore aliquam aliquam quiquia consectetur dolore. Tempora est eius modi sit labore. Dolorem quiquia est aliquam non aliquam ipsum. Adipisci neque numquam eius numquam magnam voluptatem numquam. Ut dolorem consectetur consectetur. Dolore aliquam quaerat dolorem quisquam. Etincidunt quisquam adipisci quiquia tempora numquam consectetur. Magnam consectetur quisquam etincidunt eius dolor. Etincidunt quisquam aliquam velit non voluptatem amet magnam.', 'new', '3', NULL, '', 'enabled', 000, 0, 000, 0),
(124, 'Bug Report: draftsperson', 'Eius sit sit est. Quaerat aliquam tempora numquam porro quisquam. Quiquia labore ut consectetur. Amet neque labore quiquia dolore labore. Sit quiquia dolore magnam sit. Aliquam sit magnam ut magnam non sed porro. Quiquia velit quaerat etincidunt dolorem eius amet magnam.', 'new', '3', NULL, '', 'enabled', 000, 0, 000, 0),
(125, 'Bug Report: Heidegger', 'Voluptatem numquam porro dolorem modi. Voluptatem consectetur labore magnam numquam. Velit magnam adipisci adipisci eius. Quiquia quisquam neque magnam eius quiquia aliquam. Numquam etincidunt quiquia sed modi dolorem porro. Neque porro etincidunt adipisci. Adipisci ipsum tempora amet modi. Quisquam sed labore voluptatem tempora quiquia aliquam. Dolorem quiquia amet quiquia ut. Non ipsum ut non etincidunt dolore dolor.', 'new', '2', NULL, '', 'enabled', 000, 0, 000, 0),
(126, 'Bug Report: Elaine', 'Consectetur amet dolorem eius consectetur dolorem quiquia quaerat. Ut sit numquam sed eius ut dolorem sit. Adipisci quaerat dolore non dolorem. Ipsum quiquia sit aliquam dolore. Est velit velit quaerat labore dolor sit. Dolorem numquam eius ipsum sed quisquam aliquam. Quisquam eius aliquam est non quaerat numquam.', 'new', '2', NULL, '', 'enabled', 000, 0, 000, 0),
(127, 'Bug Report: compelled', 'Ut est labore magnam dolorem eius adipisci consectetur. Adipisci neque eius adipisci. Modi non modi quiquia quiquia est est. Sed quaerat ut labore quaerat est. Tempora eius voluptatem labore dolor labore. Ipsum amet dolor velit labore tempora. Sit eius magnam quiquia est quaerat eius modi. Voluptatem quaerat neque quaerat quisquam. Etincidunt voluptatem dolor quaerat velit numquam labore. Labore magnam porro quisquam adipisci neque non.', 'new', '3', NULL, '', 'enabled', 000, 0, 000, 0),
(128, 'Bug Report: koala', 'Consectetur eius sed ut amet. Quiquia sit dolore velit tempora magnam dolorem. Aliquam etincidunt adipisci consectetur etincidunt etincidunt quiquia est. Numquam eius velit consectetur porro quisquam labore etincidunt. Numquam non sed non ipsum. Voluptatem non ut etincidunt neque. Consectetur tempora eius eius ipsum est. Adipisci adipisci sed velit ut modi.', 'new', '3', NULL, '', 'enabled', 000, 0, 000, 0),
(129, 'Bug Report: paunch', 'Ipsum tempora modi aliquam. Quaerat magnam sit quiquia voluptatem. Dolore labore modi modi velit. Sed neque eius magnam neque. Eius adipisci voluptatem dolor labore est dolorem. Voluptatem amet sit ipsum amet quisquam. Consectetur labore velit quisquam sed. Adipisci porro quiquia non numquam labore est. Eius quiquia tempora aliquam velit est est. Sed tempora adipisci porro.', 'new', '2', NULL, '', 'enabled', 000, 0, 000, 0),
(130, 'Bug Report: Caribbean', 'Sed quaerat voluptatem labore. Voluptatem velit consectetur amet. Neque voluptatem sed est dolor etincidunt. Dolore quisquam eius dolor. Sit quiquia eius dolorem labore velit quiquia. Modi ipsum porro amet ipsum labore.', 'new', '2', NULL, '', 'enabled', 000, 0, 000, 0),
(131, 'Bug Report: adapt', 'Etincidunt quisquam ut quiquia velit. Non ipsum porro porro voluptatem dolore. Porro ipsum dolor voluptatem non ipsum voluptatem. Consectetur sed labore ipsum dolore quaerat. Modi dolore aliquam sed quisquam dolore sit.', 'new', '3', NULL, '', 'enabled', 000, 0, 000, 0),
(132, 'Bug Report: wave', 'Modi voluptatem porro porro. Dolor etincidunt consectetur dolor velit. Neque numquam sit est labore. Dolor porro modi non. Porro quaerat ut consectetur. Est dolorem quaerat ipsum magnam voluptatem labore. Adipisci magnam consectetur ut. Ipsum consectetur modi neque quaerat. Voluptatem ut dolor voluptatem.', 'new', '2', NULL, '', 'enabled', 000, 0, 000, 0),
(133, 'Bug Report: nap', 'Ut velit neque quaerat quiquia. Magnam consectetur magnam est. Eius voluptatem quiquia non neque dolore dolore. Sit eius dolorem magnam. Non eius eius etincidunt consectetur. Aliquam etincidunt porro consectetur aliquam numquam eius numquam.', 'new', '2', NULL, '', 'enabled', 000, 0, 000, 0),
(134, 'Bug Report: wrapup', 'Modi quiquia velit velit quisquam quaerat etincidunt. Neque neque etincidunt quaerat dolorem numquam. Neque voluptatem dolorem non modi adipisci dolorem dolorem. Sed labore eius numquam velit velit aliquam. Quaerat quisquam quaerat sed quaerat dolorem velit. Ut quaerat labore dolor dolorem ipsum non adipisci. Tempora consectetur dolore etincidunt labore adipisci dolor etincidunt. Aliquam sit labore sit neque adipisci neque modi.', 'new', '2', NULL, '', 'enabled', 000, 0, 000, 0),
(135, 'Bug Report: thump', 'Sed dolore eius adipisci modi. Est est amet eius. Ut porro sed aliquam. Modi numquam magnam ut neque. Modi ut ut eius non sit amet ipsum. Etincidunt dolore quiquia dolor tempora ut. Numquam ipsum aliquam ut amet. Etincidunt sed velit porro quiquia consectetur est.', 'new', '1', NULL, '', 'enabled', 000, 0, 000, 0),
(136, 'Bug Report: tinge', 'Modi voluptatem est ipsum ut. Modi aliquam labore amet labore voluptatem est. Ut non amet consectetur porro. Adipisci voluptatem sed modi. Sit numquam porro labore aliquam sit magnam modi.', 'new', '2', NULL, '', 'enabled', 000, 0, 000, 0),
(137, 'Bug Report: tugboat', 'Aliquam ipsum numquam sed sit neque dolorem dolore. Magnam adipisci ut sit labore dolore numquam adipisci. Est eius modi amet. Quaerat eius etincidunt numquam ipsum tempora voluptatem. Velit adipisci eius magnam.', 'new', '3', NULL, '', 'enabled', 000, 0, 000, 0),
(138, 'Bug Report: suppressor', 'Aliquam quiquia ipsum est quisquam. Eius tempora dolore sit tempora quisquam eius sit. Dolor tempora aliquam ipsum tempora sit. Labore adipisci labore adipisci. Velit modi dolorem etincidunt magnam. Est adipisci eius dolor. Eius quaerat ut etincidunt velit aliquam non tempora.', 'new', '1', NULL, '', 'enabled', 000, 0, 000, 0),
(139, 'Bug Report: thirtieth', 'Quiquia etincidunt dolore dolorem ipsum ut. Magnam numquam consectetur dolorem magnam adipisci est neque. Ut eius numquam quisquam. Etincidunt adipisci numquam quisquam. Voluptatem quiquia sit sed. Quiquia labore ipsum dolor.', 'new', '3', NULL, '', 'enabled', 000, 0, 000, 0),
(140, 'Bug Report: militia', 'Aliquam quisquam non dolor. Dolore dolor tempora dolorem. Modi labore aliquam adipisci eius velit dolor consectetur. Ut velit porro magnam quiquia ipsum sed ut. Numquam adipisci neque ut aliquam tempora. Adipisci amet tempora quiquia adipisci dolorem. Tempora dolorem etincidunt sit non dolor etincidunt quiquia. Ipsum labore porro aliquam. Consectetur quiquia dolorem quisquam est quaerat.', 'new', '3', NULL, '', 'enabled', 000, 0, 000, 0),
(141, 'Bug Report: kimono', 'Sed velit tempora etincidunt quisquam non neque. Voluptatem sit non magnam. Dolorem sit sit quaerat ipsum adipisci. Porro est dolor non eius. Quisquam quaerat ipsum quaerat amet. Quisquam ipsum numquam labore sed. Etincidunt etincidunt quiquia labore etincidunt amet. Dolore quaerat sed voluptatem tempora quaerat quisquam.', 'new', '1', NULL, '', 'enabled', 000, 0, 000, 0),
(142, 'Bug Report: real', 'Neque etincidunt sed consectetur adipisci porro consectetur quiquia. Porro neque aliquam tempora magnam. Amet numquam eius ipsum velit. Sit est dolorem labore amet quiquia labore. Quisquam quisquam velit magnam dolore. Numquam aliquam modi magnam voluptatem ipsum sit. Quaerat non sed porro quiquia quisquam. Sit velit dolor dolor. Amet numquam aliquam ut etincidunt quaerat.', 'new', '1', NULL, '', 'enabled', 000, 0, 000, 0),
(143, 'Bug Report: tightwad', 'Voluptatem magnam aliquam sit. Consectetur est sed numquam. Quiquia quiquia magnam dolor numquam. Amet velit etincidunt labore ut quisquam. Aliquam ipsum numquam amet ipsum quiquia. Labore dolore labore quiquia modi magnam sed ut. Modi est numquam quisquam voluptatem aliquam. Modi ut voluptatem velit ut sed velit. Amet adipisci numquam ipsum quisquam velit dolor.', 'new', '1', NULL, '', 'enabled', 000, 0, 000, 0),
(144, 'Bug Report: bistable', 'Numquam adipisci eius quaerat voluptatem eius. Ut non sed tempora adipisci labore. Quisquam neque dolor quiquia. Neque porro numquam quaerat ipsum. Tempora amet tempora non est velit ut. Adipisci etincidunt quisquam dolore. Labore magnam dolor dolor quiquia amet amet est. Est adipisci ipsum porro porro numquam.', 'new', '2', NULL, '', 'enabled', 000, 0, 000, 0),
(145, 'Bug Report: Charta', 'Consectetur est aliquam ut aliquam. Magnam dolorem aliquam etincidunt dolor dolor. Velit ut sit ut dolor dolor. Adipisci porro modi sed. Eius amet quiquia est adipisci. Amet consectetur eius adipisci tempora consectetur. Ipsum eius quaerat neque sit tempora quisquam.', 'new', '2', NULL, '', 'enabled', 000, 0, 000, 0),
(146, 'Bug Report: Vietnam', 'Ut ut voluptatem ut amet consectetur. Quiquia quisquam amet voluptatem etincidunt aliquam voluptatem. Quaerat est dolor ipsum quaerat magnam adipisci. Eius dolorem dolorem quaerat tempora dolore. Quiquia ipsum labore eius. Magnam dolore eius dolore. Numquam quiquia quaerat sit modi adipisci consectetur non. Neque amet dolore ut aliquam quaerat sed non.', 'new', '2', NULL, '', 'enabled', 000, 0, 000, 0),
(147, 'Bug Report: blanket', 'Consectetur amet adipisci eius dolorem. Dolore est amet labore. Est dolor non dolor voluptatem dolorem. Consectetur quaerat velit voluptatem porro. Dolor labore dolorem aliquam amet dolor etincidunt dolore. Labore labore numquam dolorem.', 'new', '3', NULL, '', 'enabled', 000, 0, 000, 0),
(148, 'Bug Report: Betsy', 'Sit est quisquam velit dolorem. Consectetur amet labore eius eius. Consectetur est tempora quiquia quiquia tempora adipisci. Magnam est quisquam magnam. Dolor adipisci dolorem magnam. Voluptatem est est quisquam non.', 'new', '1', NULL, '', 'enabled', 000, 0, 000, 0),
(149, 'Bug Report: bedim', 'Ipsum consectetur dolorem velit quiquia. Est porro ipsum dolor dolorem labore non. Ipsum voluptatem tempora dolore consectetur. Dolor adipisci consectetur modi neque. Ipsum quiquia magnam quisquam sit est neque magnam. Amet dolor porro tempora ut consectetur. Sed neque amet velit dolore est numquam dolorem. Aliquam velit voluptatem sed non consectetur sit. Porro dolorem quiquia dolore aliquam porro dolor.', 'new', '3', NULL, '', 'enabled', 000, 0, 000, 0),
(150, 'Bug Report: skit', 'Quaerat eius voluptatem est aliquam. Velit consectetur quaerat tempora sit quiquia. Numquam neque voluptatem modi. Est amet velit dolore. Etincidunt adipisci labore amet. Tempora sed eius neque. Non adipisci quisquam modi. Etincidunt ut modi sed labore ipsum. Non ipsum aliquam non ipsum velit eius tempora. Quiquia quiquia numquam porro modi adipisci labore.', 'new', '1', NULL, '', 'enabled', 000, 0, 000, 0),
(151, 'Bug Report: obstinacy', 'Dolore ut quaerat dolore modi velit numquam. Quaerat est quaerat porro porro est quisquam. Non neque eius numquam eius ut. Amet quisquam dolor ut adipisci est. Etincidunt quisquam quisquam quiquia quiquia aliquam aliquam. Dolor est sed consectetur adipisci amet.', 'new', '3', NULL, '', 'enabled', 000, 0, 000, 0),
(152, 'Bug Report: hypothalmus', 'Velit ipsum labore labore sit. Quiquia consectetur modi aliquam tempora. Non voluptatem neque modi amet magnam eius. Est tempora sit etincidunt numquam dolorem. Amet porro voluptatem tempora numquam. Velit quiquia numquam amet dolor porro dolorem. Dolore magnam voluptatem non quiquia. Quisquam tempora adipisci etincidunt. Adipisci neque numquam sed ipsum. Voluptatem etincidunt non porro magnam quaerat ut adipisci.', 'new', '2', NULL, '', 'enabled', 000, 0, 000, 0),
(153, 'Bug Report: plasmid', 'Quisquam neque eius numquam consectetur quisquam. Neque ut non etincidunt ut eius. Dolore ipsum modi numquam labore labore magnam neque. Adipisci modi quiquia non ut porro. Quiquia dolore eius aliquam quiquia quaerat quiquia. Voluptatem ipsum velit sed modi sed etincidunt ipsum. Quiquia amet dolor numquam numquam. Etincidunt magnam magnam tempora sed dolor. Labore labore tempora sit quiquia. Sit magnam dolor ut adipisci eius.', 'new', '1', NULL, '', 'enabled', 000, 0, 000, 0),
(154, 'Bug Report: Aires', 'Amet consectetur labore modi numquam. Sit quiquia voluptatem eius consectetur amet adipisci aliquam. Modi etincidunt sit dolor dolorem sit. Dolore quaerat modi sit. Magnam sit sed neque adipisci labore neque porro. Voluptatem magnam labore aliquam velit tempora quiquia. Quiquia quaerat dolore est quaerat sit non. Est velit etincidunt non non quisquam magnam tempora. Magnam ut ut consectetur magnam adipisci.', 'new', '3', NULL, '', 'enabled', 000, 0, 000, 0),
(155, 'Bug Report: data', 'Ipsum consectetur quiquia quisquam quisquam quiquia. Modi porro voluptatem dolor. Quaerat sed modi magnam ipsum sed quisquam. Ipsum voluptatem non labore voluptatem tempora eius. Tempora dolore amet numquam quaerat.', 'new', '2', NULL, '', 'enabled', 000, 0, 000, 0),
(156, 'Bug Report: vivify', 'Modi porro quiquia velit aliquam dolorem eius quiquia. Sed est amet quisquam. Adipisci sit ut neque. Porro dolor consectetur quisquam dolore quiquia sed etincidunt. Ut porro etincidunt sit eius sit.', 'new', '3', NULL, '', 'enabled', 000, 0, 000, 0),
(157, 'Bug Report: wrestle', 'Quisquam non porro dolorem. Amet labore consectetur non eius modi ipsum. Sit porro numquam dolor etincidunt. Eius quisquam dolor quaerat velit ipsum velit. Quiquia sit neque porro quiquia est quaerat labore. Ut porro etincidunt aliquam quiquia. Dolor ut aliquam modi numquam tempora consectetur.', 'new', '1', NULL, '', 'enabled', 000, 0, 000, 0),
(158, 'Bug Report: tame', 'Neque amet quisquam non. Est consectetur velit velit consectetur eius quiquia dolore. Consectetur quiquia eius dolore sed numquam quaerat porro. Dolore sit sed quisquam dolorem. Eius est neque quisquam amet quaerat etincidunt. Quiquia modi amet ut adipisci quaerat etincidunt. Quaerat neque quaerat voluptatem sit modi velit.', 'new', '2', NULL, '', 'enabled', 000, 0, 000, 0),
(159, 'Bug Report: spay', 'Est neque aliquam quiquia quaerat magnam. Amet labore voluptatem tempora labore. Non consectetur magnam eius. Eius amet consectetur magnam ipsum dolorem etincidunt ipsum. Numquam quiquia sed est magnam. Non voluptatem sit quiquia non amet velit.', 'new', '1', NULL, '', 'enabled', 000, 0, 000, 0),
(160, 'Bug Report: decorate', 'Modi sit aliquam quaerat. Ipsum adipisci est sed consectetur modi amet. Porro quisquam tempora modi. Aliquam voluptatem sit velit sed ut voluptatem. Voluptatem est etincidunt non neque labore adipisci amet. Neque non velit ipsum non dolorem quisquam eius. Quaerat ipsum voluptatem tempora aliquam. Dolor labore labore sed velit neque dolorem. Voluptatem neque aliquam etincidunt numquam aliquam.', 'new', '2', NULL, '', 'enabled', 000, 0, 000, 0),
(161, 'Bug Report: averred', 'Quaerat quisquam eius non. Non etincidunt labore numquam sed eius. Porro non aliquam magnam voluptatem sit. Magnam quaerat sed labore numquam porro etincidunt ut. Porro non ut quisquam. Dolorem labore neque quiquia porro est. Adipisci eius ut ipsum.', 'new', '2', NULL, '', 'enabled', 000, 0, 000, 0),
(162, 'Bug Report: raster', 'Non labore sit voluptatem sit dolor quiquia quiquia. Consectetur dolor porro numquam. Ut magnam neque eius. Ut dolor adipisci sit magnam numquam voluptatem. Consectetur quisquam quaerat aliquam sit. Etincidunt tempora tempora aliquam adipisci. Quisquam etincidunt quisquam dolor voluptatem tempora. Adipisci est eius non consectetur ut ut numquam. Ipsum etincidunt numquam quaerat consectetur etincidunt.', 'new', '1', NULL, '', 'enabled', 000, 0, 000, 0),
(163, 'Bug Report: gunky', 'Velit tempora sit aliquam quiquia quiquia. Non non porro velit quisquam. Dolor sed numquam sed est labore adipisci. Voluptatem magnam dolorem modi quiquia porro. Consectetur eius dolore consectetur ut adipisci eius magnam. Est velit quisquam voluptatem. Neque quisquam dolore labore etincidunt quaerat labore.', 'new', '1', NULL, '', 'enabled', 000, 0, 000, 0),
(164, 'Bug Report: curlew', 'Tempora aliquam eius eius ipsum dolor magnam. Eius eius quiquia porro tempora magnam sit velit. Porro voluptatem aliquam eius dolorem neque sed consectetur. Velit quiquia non dolore adipisci labore. Porro velit modi non. Est modi ut adipisci tempora labore est. Consectetur magnam porro voluptatem sit. Modi magnam sit eius ipsum.', 'new', '3', NULL, '', 'enabled', 000, 0, 000, 0),
(165, 'Bug Report: numb', 'Adipisci quiquia velit modi quisquam numquam. Dolore dolorem adipisci est voluptatem quisquam modi amet. Amet dolore porro etincidunt sit dolore non quiquia. Quiquia ut sit aliquam neque tempora eius. Eius amet porro quisquam magnam voluptatem. Dolor ut dolor quiquia etincidunt ipsum non eius.', 'new', '2', NULL, '', 'enabled', 000, 0, 000, 0),
(166, 'Bug Report: invariant', 'Velit sed est eius sit numquam est dolore. Ipsum numquam modi sed neque etincidunt quiquia. Sed adipisci est ipsum quisquam. Adipisci aliquam dolorem quaerat. Voluptatem dolorem eius quaerat ipsum.', 'new', '3', NULL, '', 'enabled', 000, 0, 000, 0),
(167, 'Bug Report: postulate', 'Labore aliquam eius tempora sed. Magnam sed quaerat modi dolor. Neque aliquam porro sed non magnam numquam. Neque adipisci quaerat neque neque. Modi voluptatem dolor velit velit. Dolore porro porro non eius porro. Sit etincidunt quisquam labore quaerat modi adipisci ut.', 'new', '2', NULL, '', 'enabled', 000, 0, 000, 0),
(168, 'Bug Report: leftward', 'Quisquam labore eius eius ut aliquam etincidunt sit. Labore adipisci voluptatem dolor dolor numquam dolor. Quisquam est sed est. Quisquam quiquia consectetur neque. Magnam modi labore adipisci neque quisquam. Quaerat est modi quaerat amet porro aliquam etincidunt. Labore velit quisquam magnam aliquam non. Quisquam amet dolorem consectetur etincidunt. Neque adipisci voluptatem neque porro. Consectetur labore sed etincidunt neque quaerat quiquia consectetur.', 'new', '1', NULL, '', 'enabled', 000, 0, 000, 0),
(169, 'Bug Report: cardiovascular', 'Dolorem etincidunt neque sit consectetur quiquia. Etincidunt aliquam tempora velit numquam sit. Eius porro quisquam quiquia amet quisquam ut. Non modi non voluptatem quiquia etincidunt. Modi quisquam adipisci dolor magnam aliquam quiquia. Sed porro voluptatem quiquia. Modi ipsum labore quisquam magnam. Ut etincidunt velit modi voluptatem amet consectetur numquam. Dolore dolorem consectetur tempora dolorem non consectetur.', 'new', '1', NULL, '', 'enabled', 000, 0, 000, 0),
(170, 'Bug Report: Bangladesh', 'Aliquam magnam tempora quisquam modi labore numquam ut. Quiquia est magnam dolore amet aliquam sit eius. Neque dolorem sed dolore non ipsum etincidunt numquam. Modi voluptatem labore non tempora est numquam. Eius eius magnam aliquam modi. Magnam non numquam quiquia quiquia quaerat dolorem non.', 'new', '2', NULL, '', 'enabled', 000, 0, 000, 0),
(171, 'Bug Report: theorist', 'Ipsum amet adipisci modi non porro quaerat. Aliquam quaerat ut ut est. Quisquam modi adipisci magnam. Sed ipsum sed quaerat velit eius velit non. Est quiquia est tempora sit est. Non aliquam labore neque voluptatem consectetur ipsum voluptatem. Ipsum est adipisci eius magnam. Quisquam quiquia sit consectetur.', 'new', '1', NULL, '', 'enabled', 000, 0, 000, 0),
(172, 'Bug Report: pioneer', 'Numquam numquam numquam quiquia modi. Sed consectetur velit adipisci neque numquam. Quaerat labore quaerat etincidunt quiquia est porro amet. Ut dolorem aliquam voluptatem est. Porro velit voluptatem non etincidunt dolor.', 'new', '2', NULL, '', 'enabled', 000, 0, 000, 0),
(173, 'Bug Report: consanguineous', 'Labore magnam neque quiquia modi. Voluptatem voluptatem dolor ipsum dolore etincidunt numquam. Eius tempora ipsum aliquam eius aliquam sit neque. Numquam quaerat porro etincidunt ut. Modi eius quaerat quaerat voluptatem aliquam ipsum. Dolore dolore modi eius amet porro magnam quaerat. Adipisci magnam sit ipsum consectetur eius sed dolor. Sed eius quisquam porro adipisci sit dolor. Quiquia adipisci velit dolore dolor. Porro amet dolor modi dolor voluptatem.', 'new', '3', NULL, '', 'enabled', 000, 0, 000, 0),
(174, 'Bug Report: baccarat', 'Non modi tempora dolorem amet consectetur quisquam. Neque ipsum aliquam quiquia labore non dolore. Quaerat etincidunt quaerat sit etincidunt. Quisquam dolor eius aliquam consectetur quisquam. Modi ut quisquam ut sit modi aliquam. Non numquam sed porro labore ut. Quiquia modi ut amet. Dolorem sit quisquam ipsum. Aliquam magnam quiquia tempora amet dolor adipisci. Aliquam tempora adipisci quiquia labore est.', 'new', '2', NULL, '', 'enabled', 000, 0, 000, 0),
(175, 'Bug Report: approximant', 'Modi magnam sed quiquia quisquam labore ipsum tempora. Labore ut etincidunt porro numquam. Tempora modi magnam labore consectetur eius velit sed. Consectetur dolor magnam sed. Quiquia quiquia eius modi. Neque quaerat amet dolorem sed sed non.', 'new', '2', NULL, '', 'enabled', 000, 0, 000, 0),
(176, 'Bug Report: nightfall', 'Aliquam magnam amet ut adipisci non sed eius. Tempora quaerat porro neque voluptatem etincidunt eius. Quiquia labore non dolorem velit adipisci. Labore eius voluptatem tempora dolore. Quaerat neque quaerat etincidunt amet neque.', 'new', '3', NULL, '', 'enabled', 000, 0, 000, 0),
(177, 'Bug Report: pollock', 'Quisquam dolore dolor aliquam. Neque sed consectetur magnam quaerat numquam. Dolor non aliquam adipisci sed quaerat porro numquam. Est aliquam ut amet sed amet labore non. Aliquam dolorem magnam ipsum non. Quaerat ut sed neque adipisci eius. Adipisci consectetur sit eius sed non dolore. Quaerat ipsum neque labore magnam tempora sit velit. Tempora sit consectetur quiquia.', 'new', '3', NULL, '', 'enabled', 000, 0, 000, 0),
(178, 'Bug Report: meal', 'Velit sed est dolore voluptatem magnam. Adipisci dolorem eius aliquam ipsum amet. Est ut velit dolore. Quisquam non quaerat dolorem magnam neque. Voluptatem quisquam ipsum dolore dolore magnam neque. Tempora est voluptatem est ipsum.', 'new', '2', NULL, '', 'enabled', 000, 0, 000, 0),
(179, 'Bug Report: divorcee', 'Adipisci sed eius dolor. Adipisci aliquam etincidunt modi quisquam velit. Porro numquam voluptatem velit non aliquam. Sed labore sed aliquam velit amet dolore quaerat. Voluptatem sed aliquam tempora labore adipisci. Amet dolor dolorem voluptatem sed. Dolorem dolore voluptatem dolor dolor. Magnam velit eius aliquam. Voluptatem neque quaerat est.', 'new', '2', NULL, '', 'enabled', 000, 0, 000, 0),
(180, 'Bug Report: turntable', 'Adipisci consectetur sit neque dolore etincidunt est. Quiquia sit ipsum est etincidunt eius ut. Numquam aliquam labore tempora labore. Sed aliquam tempora est non. Ipsum porro neque adipisci. Quisquam etincidunt voluptatem sed eius adipisci. Amet ut sit porro eius sed. Porro neque consectetur dolore consectetur eius ut. Adipisci quiquia neque eius quisquam.', 'new', '2', NULL, '', 'enabled', 000, 0, 000, 0),
(181, 'Bug Report: spat', 'Eius velit modi modi sed eius. Amet velit amet numquam adipisci. Neque quiquia adipisci dolore ipsum numquam. Eius amet est consectetur est. Voluptatem modi amet voluptatem.', 'new', '3', NULL, '', 'enabled', 000, 0, 000, 0),
(182, 'Bug Report: troff', 'Sit modi consectetur numquam ut porro ipsum. Adipisci modi tempora eius dolore quaerat quisquam. Aliquam dolor ipsum velit modi. Modi voluptatem aliquam dolor quisquam. Est magnam dolorem adipisci velit ipsum. Adipisci non aliquam quaerat sed ut tempora. Aliquam velit dolor quaerat sit tempora quaerat. Voluptatem quisquam neque magnam porro labore consectetur.', 'new', '2', NULL, '', 'enabled', 000, 0, 000, 0),
(183, 'Bug Report: Cauchy', 'Etincidunt aliquam porro ut amet non tempora sit. Quiquia consectetur eius dolor est. Ipsum dolorem magnam dolor magnam labore sed non. Etincidunt dolor velit porro eius quaerat. Velit dolor porro sed etincidunt ipsum magnam. Porro ut dolorem neque modi adipisci velit.', 'new', '1', NULL, '', 'enabled', 000, 0, 000, 0),
(184, 'Bug Report: psychic', 'Numquam sit dolor est quiquia est quiquia. Quiquia porro velit tempora sed eius adipisci consectetur. Amet quisquam magnam ut aliquam sit tempora sed. Quiquia dolor quisquam neque modi. Sed eius quisquam magnam magnam. Eius eius aliquam porro velit magnam non.', 'new', '3', NULL, '', 'enabled', 000, 0, 000, 0),
(185, 'Bug Report: thwack', 'Quaerat quisquam quaerat sit voluptatem numquam tempora est. Porro labore dolore ipsum. Quaerat magnam consectetur voluptatem quaerat. Voluptatem modi quaerat est quisquam dolor. Etincidunt adipisci neque est adipisci. Amet dolor porro neque. Ut quaerat labore sed. Neque dolor velit dolorem ipsum sit.', 'new', '2', NULL, '', 'enabled', 000, 0, 000, 0),
(186, 'Bug Report: stadia', 'Eius ipsum dolorem magnam sit velit consectetur voluptatem. Eius est dolorem voluptatem dolorem consectetur tempora amet. Est porro voluptatem dolore dolor numquam porro. Quisquam ut porro modi. Non etincidunt eius voluptatem velit modi. Dolore modi consectetur ut adipisci eius numquam quaerat. Etincidunt voluptatem ut quaerat dolore consectetur.', 'new', '3', NULL, '', 'enabled', 000, 0, 000, 0),
(187, 'Bug Report: Tuscan', 'Quiquia est porro neque neque velit modi. Adipisci amet dolor etincidunt adipisci. Neque adipisci dolor labore quisquam eius ipsum. Etincidunt adipisci amet tempora sit neque consectetur non. Consectetur dolore quaerat eius quiquia sed.', 'new', '1', NULL, '', 'enabled', 000, 0, 000, 0),
(188, 'Bug Report: regal', 'Quaerat dolorem voluptatem tempora velit. Dolorem magnam etincidunt modi quaerat. Labore adipisci labore quisquam labore etincidunt non. Labore dolore sed porro ut est dolor quisquam. Labore adipisci velit ipsum sed labore. Neque modi sed aliquam dolor aliquam. Labore ut ut labore porro eius. Quisquam quisquam dolore porro dolore neque. Modi eius numquam amet etincidunt dolorem modi.', 'new', '3', NULL, '', 'enabled', 000, 0, 000, 0),
(189, 'Bug Report: scandal', 'Quisquam velit velit porro. Sed consectetur aliquam quisquam. Eius etincidunt dolor ipsum quiquia. Est est etincidunt ipsum ipsum non velit. Est porro voluptatem labore non velit dolorem. Magnam velit porro dolorem. Non ut porro dolorem modi etincidunt.', 'new', '2', NULL, '', 'enabled', 000, 0, 000, 0),
(190, 'Bug Report: carpetbagger', 'Dolor adipisci sed non neque. Amet voluptatem dolor velit ut est amet ipsum. Non ipsum est non tempora magnam. Quisquam tempora consectetur neque magnam ipsum. Velit dolor sit dolor porro etincidunt ut ut. Porro aliquam neque est modi. Labore velit porro etincidunt sed quiquia.', 'new', '1', NULL, '', 'enabled', 000, 0, 000, 0),
(191, 'Bug Report: carpetbagger', 'Sit ipsum dolorem adipisci. Non modi dolor numquam ipsum etincidunt eius. Sit consectetur consectetur numquam numquam etincidunt ipsum neque. Dolor dolor modi porro sit quisquam consectetur magnam. Quaerat numquam labore non quaerat. Non sed modi consectetur consectetur. Dolorem adipisci sed dolor est sit ut sed.', 'new', '2', NULL, '', 'enabled', 000, 0, 000, 0),
(192, 'Bug Report: nobody', 'Quaerat tempora numquam neque. Dolorem numquam dolor aliquam numquam tempora aliquam. Quisquam dolore dolor sed ipsum aliquam eius porro. Quiquia labore labore magnam labore. Consectetur modi tempora ut non est magnam dolor. Dolor voluptatem neque velit.', 'new', '3', NULL, '', 'enabled', 000, 0, 000, 0),
(193, 'Bug Report: splenetic', 'Dolore consectetur magnam ipsum tempora aliquam labore magnam. Velit amet velit consectetur voluptatem dolore est dolor. Dolor est quisquam porro. Est dolore quisquam quiquia consectetur etincidunt. Amet sed aliquam labore consectetur quisquam. Amet sed magnam voluptatem. Ipsum adipisci dolorem ipsum. Consectetur consectetur dolore magnam velit velit dolorem. Quiquia modi quiquia adipisci consectetur quisquam quaerat. Modi velit quiquia quiquia adipisci adipisci.', 'new', '1', NULL, '', 'enabled', 000, 0, 000, 0),
(194, 'Bug Report: Ahmedabad', 'Quiquia quiquia porro numquam numquam sed. Quaerat voluptatem ipsum est aliquam magnam velit. Magnam quaerat quisquam magnam quaerat numquam. Velit modi quisquam sit sit. Amet tempora consectetur neque. Sit aliquam magnam eius etincidunt.', 'new', '1', NULL, '', 'enabled', 000, 0, 000, 0),
(195, 'Bug Report: president', 'Dolorem eius numquam velit quaerat quisquam tempora tempora. Quisquam tempora quiquia ipsum dolore non etincidunt dolorem. Est voluptatem est eius tempora quaerat. Neque consectetur eius est porro tempora labore numquam. Ipsum sit amet numquam non dolorem est. Velit etincidunt sit porro.', 'new', '3', NULL, '', 'enabled', 000, 0, 000, 0),
(196, 'Bug Report: hierarchy', 'Etincidunt ipsum sit dolor. Adipisci numquam quisquam quiquia non numquam eius. Aliquam non ut amet dolor velit non ipsum. Adipisci dolor non porro ipsum velit. Dolorem labore modi quiquia voluptatem labore neque. Amet quisquam dolore tempora velit non ut.', 'new', '2', NULL, '', 'enabled', 000, 0, 000, 0),
(197, 'Bug Report: high', 'Aliquam adipisci amet est. Non numquam labore quisquam. Magnam modi dolorem quiquia neque amet quiquia. Numquam quaerat magnam quaerat eius. Sed numquam adipisci sit labore sed dolorem. Eius quaerat neque non labore. Tempora etincidunt amet dolore quisquam. Dolore porro est dolor. Tempora dolorem dolor neque sed porro.', 'new', '2', NULL, '', 'enabled', 000, 0, 000, 0),
(198, 'Bug Report: bleak', 'Tempora est dolorem voluptatem voluptatem numquam. Velit aliquam aliquam dolor tempora tempora porro. Adipisci quiquia voluptatem adipisci velit magnam amet. Eius amet neque voluptatem. Adipisci est dolor non. Consectetur velit porro velit magnam sit labore sit. Amet dolorem numquam numquam. Eius amet adipisci modi numquam.', 'new', '1', NULL, '', 'enabled', 000, 0, 000, 0),
(199, 'Bug Report: calorie', 'Adipisci modi non velit. Magnam velit quisquam voluptatem ipsum velit quiquia. Est non consectetur labore modi. Labore adipisci numquam etincidunt tempora velit quiquia sed. Numquam est ipsum consectetur est porro labore amet.', 'new', '1', NULL, '', 'enabled', 000, 0, 000, 0),
(200, 'Bug Report: seaboard', 'Dolore velit consectetur sit labore etincidunt etincidunt labore. Magnam numquam est labore magnam amet sit amet. Etincidunt numquam ut sed. Porro ipsum voluptatem quiquia neque. Quaerat adipisci labore adipisci adipisci tempora amet.', 'new', '2', NULL, '', 'enabled', 000, 0, 000, 0),
(201, 'Bug Report: Pygmalion', 'Aliquam aliquam numquam velit amet eius tempora. Non numquam ipsum numquam etincidunt dolorem quiquia voluptatem. Eius numquam eius ipsum. Velit quaerat voluptatem tempora dolorem dolore. Dolor ipsum ut non labore consectetur porro magnam. Sed consectetur modi ut neque quiquia quaerat. Velit consectetur consectetur est est quisquam dolor sed. Voluptatem porro aliquam est sed dolor.', 'new', '1', NULL, '', 'enabled', 000, 0, 000, 0),
(202, 'Bug Report: stoat', 'Eius sed dolor non porro ut non tempora. Labore ipsum non non magnam dolore. Etincidunt quisquam quaerat sit eius amet quaerat. Ipsum magnam neque numquam consectetur. Dolorem porro quaerat eius tempora dolor. Non dolor quisquam velit voluptatem est.', 'new', '3', NULL, '', 'enabled', 000, 0, 000, 0),
(203, 'Bug Report: monopoly', 'Voluptatem dolorem neque quiquia quisquam dolorem dolor velit. Voluptatem neque velit eius modi amet quaerat numquam. Voluptatem voluptatem neque modi magnam quiquia. Velit sed amet amet non dolore est adipisci. Dolore sed numquam dolorem non quaerat etincidunt.', 'new', '1', NULL, '', 'enabled', 000, 0, 000, 0),
(204, 'Bug Report: quarrel', 'Aliquam tempora magnam adipisci amet. Amet dolorem labore quisquam ipsum dolorem ipsum dolorem. Dolore aliquam neque tempora labore neque voluptatem. Sed etincidunt quiquia ut. Sed numquam dolor aliquam.', 'new', '3', NULL, '', 'enabled', 000, 0, 000, 0),
(205, 'Bug Report: legging', 'Sit labore ut eius adipisci ipsum quaerat. Magnam numquam quiquia non voluptatem neque velit. Amet ut quaerat dolore sit modi labore. Modi quisquam dolorem modi consectetur velit. Voluptatem sit sit dolor ipsum ut. Velit est non porro. Modi tempora consectetur quiquia adipisci sed. Aliquam aliquam sed labore. Est adipisci dolorem sit amet.', 'new', '2', NULL, '', 'enabled', 000, 0, 000, 0),
(206, 'Bug Report: guest', 'Labore est quisquam numquam. Sit porro quiquia quaerat consectetur. Adipisci consectetur quaerat aliquam. Numquam quisquam velit eius ipsum neque aliquam magnam. Velit etincidunt numquam voluptatem velit aliquam dolore quisquam. Ut etincidunt adipisci voluptatem sed neque ut magnam. Sit porro quisquam magnam est ipsum dolor.', 'new', '3', NULL, '', 'enabled', 000, 0, 000, 0),
(207, 'Bug Report: covert', 'Numquam aliquam adipisci dolore voluptatem. Neque sed voluptatem magnam. Sit amet labore non quaerat labore amet. Dolorem ipsum dolorem consectetur. Quiquia dolorem dolor dolor. Amet aliquam neque dolorem. Dolor amet quisquam amet sed dolor ipsum.', 'new', '3', NULL, '', 'enabled', 000, 0, 000, 0),
(208, 'Bug Report: exodus', 'Neque magnam sed non. Non eius porro velit quisquam sed. Eius voluptatem amet dolore quaerat velit labore. Quisquam quaerat consectetur sed velit tempora sit consectetur. Modi sed est dolor non adipisci. Porro dolorem adipisci numquam dolorem porro dolor numquam. Aliquam dolor quaerat sit. Non est adipisci est.', 'new', '1', NULL, '', 'enabled', 000, 0, 000, 0),
(209, 'Bug Report: epidemiology', 'Ut tempora amet adipisci non modi adipisci dolorem. Dolore est magnam consectetur velit ipsum labore modi. Etincidunt quaerat dolore adipisci tempora quiquia adipisci. Neque dolorem neque ut. Labore ipsum dolorem neque dolorem.', 'new', '1', NULL, '', 'enabled', 000, 0, 000, 0),
(210, 'Bug Report: transcend', 'Numquam etincidunt eius ipsum tempora porro magnam. Velit dolore eius dolor aliquam porro. Sed magnam sit adipisci sit labore adipisci voluptatem. Modi aliquam voluptatem porro voluptatem tempora eius. Non tempora amet ut non etincidunt.', 'new', '3', NULL, '', 'enabled', 000, 0, 000, 0),
(211, 'Bug Report: labile', 'Dolore quisquam voluptatem dolorem. Consectetur numquam velit tempora numquam quisquam quiquia. Voluptatem voluptatem dolorem quisquam. Neque numquam sed velit quaerat sit eius. Consectetur velit etincidunt eius quaerat dolorem. Velit aliquam porro quiquia aliquam non porro quisquam. Quaerat dolor adipisci modi tempora est amet consectetur. Aliquam consectetur numquam consectetur amet. Eius quisquam sit adipisci etincidunt magnam. Dolorem modi quisquam ipsum.', 'new', '1', NULL, '', 'enabled', 000, 0, 000, 0),
(212, 'Bug Report: downstairs', 'Adipisci modi voluptatem magnam ut dolorem. Ut numquam labore aliquam aliquam voluptatem velit. Quiquia eius amet labore neque porro aliquam. Aliquam dolor consectetur est consectetur non. Ut amet quiquia etincidunt voluptatem porro amet. Numquam dolorem tempora ipsum aliquam sed. Dolorem porro eius etincidunt ipsum est. Modi est est ut numquam consectetur sed tempora. Aliquam voluptatem ipsum quisquam aliquam labore ipsum. Dolore sed porro velit non est consectetur neque.', 'new', '1', NULL, '', 'enabled', 000, 0, 000, 0),
(213, 'Bug Report: liaison', 'Etincidunt dolorem sit modi non etincidunt quisquam. Dolor voluptatem adipisci quiquia quiquia magnam consectetur tempora. Etincidunt consectetur dolore dolorem adipisci quisquam. Eius ipsum tempora porro. Amet quaerat aliquam tempora.', 'new', '2', NULL, '', 'enabled', 000, 0, 000, 0),
(214, 'Bug Report: jot', 'Modi est modi modi velit numquam. Ipsum velit sit labore adipisci. Dolore dolor labore adipisci modi eius adipisci. Neque dolorem ut labore sit voluptatem. Porro dolor amet sed neque dolorem ipsum. Ipsum adipisci aliquam non adipisci modi.', 'new', '2', NULL, '', 'enabled', 000, 0, 000, 0),
(215, 'Bug Report: bounty', 'Neque dolorem velit quaerat quiquia neque quiquia eius. Dolore quiquia ipsum quisquam adipisci eius quaerat labore. Est etincidunt dolore eius amet. Numquam dolor velit velit dolor. Tempora porro labore tempora.', 'new', '3', NULL, '', 'enabled', 000, 0, 000, 0),
(216, 'Bug Report: aisle', 'Quisquam magnam dolor porro. Est dolore voluptatem tempora numquam. Dolore aliquam quaerat quiquia quaerat etincidunt ut numquam. Porro ipsum magnam est aliquam. Quiquia quisquam quaerat voluptatem labore modi sit. Ipsum eius amet sed ipsum dolore.', 'new', '3', NULL, '', 'enabled', 000, 0, 000, 0),
(217, 'Bug Report: crusade', 'Velit dolor quaerat eius. Dolore numquam consectetur modi neque sit dolor. Numquam voluptatem dolor tempora velit tempora. Dolorem numquam ipsum numquam voluptatem numquam dolor velit. Voluptatem voluptatem quiquia ut dolorem dolorem sit dolore.', 'new', '3', NULL, '', 'enabled', 000, 0, 000, 0),
(218, 'Bug Report: Maxwellian', 'Dolor numquam ut eius eius porro dolor adipisci. Quaerat est amet porro. Aliquam sit non quiquia consectetur sit. Dolor quiquia sed consectetur dolore dolore aliquam. Neque numquam sit etincidunt quisquam dolorem. Labore voluptatem numquam numquam non ipsum consectetur. Etincidunt neque neque neque adipisci eius.', 'new', '1', NULL, '', 'enabled', 000, 0, 000, 0),
(219, 'Bug Report: career', 'Adipisci consectetur est porro sed ipsum dolore. Amet velit eius dolore consectetur modi. Magnam aliquam adipisci labore dolore. Etincidunt velit dolore sed. Adipisci porro modi magnam. Voluptatem consectetur aliquam consectetur adipisci. Amet amet porro est neque.', 'new', '3', NULL, '', 'enabled', 000, 0, 000, 0),
(220, 'Bug Report: Ottoman', 'Voluptatem labore modi quiquia numquam non eius. Sit tempora aliquam dolore non. Non ipsum porro eius. Consectetur quisquam ipsum magnam labore. Sit labore amet labore aliquam consectetur velit. Eius modi modi etincidunt consectetur. Dolorem tempora est numquam numquam quisquam labore sed. Dolorem adipisci adipisci non sed sit ipsum adipisci. Amet tempora quiquia est dolor amet.', 'new', '2', NULL, '', 'enabled', 000, 0, 000, 0),
(221, 'Bug Report: gridlock', 'Dolore consectetur porro consectetur porro. Quiquia amet neque dolore dolore. Magnam modi dolore dolorem ut ipsum est quaerat. Quiquia consectetur labore quiquia sit sit labore amet. Porro numquam numquam adipisci dolorem velit sit voluptatem. Sit neque etincidunt velit consectetur dolorem numquam. Neque dolorem etincidunt est non.', 'new', '1', NULL, '', 'enabled', 000, 0, 000, 0),
(222, 'Bug Report: marijuana', 'Labore quiquia modi consectetur tempora porro est aliquam. Ut dolore sit non porro. Consectetur aliquam quaerat velit voluptatem voluptatem. Non dolorem dolorem ut. Quaerat dolor numquam etincidunt velit dolore. Dolor consectetur magnam quiquia. Est numquam eius ipsum. Dolore ut labore eius aliquam modi labore modi.', 'new', '3', NULL, '', 'enabled', 000, 0, 000, 0),
(223, 'Bug Report: McNulty', 'Magnam velit porro est dolor numquam amet. Adipisci eius sed adipisci dolorem magnam. Non ut dolor adipisci ut sed quaerat. Modi eius aliquam eius etincidunt labore velit. Porro dolorem consectetur aliquam labore eius est. Porro aliquam consectetur neque sit numquam neque.', 'new', '1', NULL, '', 'enabled', 000, 0, 000, 0),
(224, 'Bug Report: nullify', 'Neque dolor porro neque. Est est eius magnam quisquam dolor sit velit. Magnam quisquam tempora velit dolor labore. Labore sed quaerat labore. Labore dolorem voluptatem aliquam aliquam voluptatem tempora aliquam. Dolore dolore dolor sed adipisci labore eius. Sit velit numquam non sed dolorem. Quisquam eius porro dolor amet tempora. Velit dolore voluptatem sed voluptatem.', 'new', '1', NULL, '', 'enabled', 000, 0, 000, 0),
(225, 'Bug Report: Mumford', 'Modi numquam dolor dolorem eius. Porro dolore voluptatem quaerat dolore. Velit dolor consectetur sed adipisci dolor. Tempora quisquam neque tempora dolore quiquia eius labore. Velit dolorem sit voluptatem voluptatem velit. Aliquam dolor adipisci etincidunt eius modi sit non.', 'new', '3', NULL, '', 'enabled', 000, 0, 000, 0),
(226, 'Bug Report: placeholder', 'Quaerat porro sit sed. Non magnam quisquam tempora amet sed numquam dolor. Est adipisci non velit tempora. Consectetur consectetur quiquia amet dolor est dolorem. Magnam neque magnam modi sed quaerat adipisci. Quaerat magnam etincidunt sit est sed neque. Neque tempora magnam eius sed. Voluptatem modi sed quisquam amet. Quaerat dolore non voluptatem aliquam consectetur labore.', 'new', '2', NULL, '', 'enabled', 000, 0, 000, 0),
(227, 'Bug Report: tolerate', 'Eius ipsum amet numquam quisquam adipisci. Eius ut ut sed sed ut modi. Porro tempora modi etincidunt quisquam non adipisci. Amet quiquia tempora est. Tempora porro velit aliquam ipsum magnam porro dolore.', 'new', '3', NULL, '', 'enabled', 000, 0, 000, 0),
(228, 'Bug Report: rangy', 'Quiquia velit quaerat dolore aliquam ut non. Aliquam consectetur sit magnam etincidunt quaerat dolore. Magnam dolore non magnam sit. Modi non consectetur quisquam aliquam quiquia ut. Sit modi quiquia quaerat. Adipisci dolore eius neque etincidunt ut aliquam. Ut dolorem etincidunt voluptatem velit tempora. Sit modi labore magnam. Consectetur dolorem magnam dolorem. Ut eius eius est consectetur.', 'new', '3', NULL, '', 'enabled', 000, 0, 000, 0),
(229, 'Bug Report: recessive', 'Quisquam numquam etincidunt dolorem non porro. Quiquia etincidunt ut consectetur labore. Quisquam etincidunt porro quisquam. Quiquia velit ipsum ipsum quaerat eius quisquam porro. Est porro adipisci labore labore. Porro ipsum sit quiquia consectetur sed.', 'new', '3', NULL, '', 'enabled', 000, 0, 000, 0),
(230, 'Bug Report: stall', 'Amet magnam tempora amet ut. Amet porro ut neque voluptatem neque aliquam. Neque tempora quiquia adipisci modi adipisci magnam tempora. Dolor ut quisquam velit magnam est. Ut magnam velit quiquia sed. Est voluptatem consectetur dolorem consectetur quisquam eius modi. Etincidunt ipsum magnam consectetur. Etincidunt dolore aliquam voluptatem est amet dolorem. Labore amet amet consectetur labore porro.', 'new', '3', NULL, '', 'enabled', 000, 0, 000, 0),
(231, 'Bug Report: Tom', 'Est non est sit porro consectetur consectetur. Consectetur dolore sed magnam neque. Neque eius dolore neque tempora tempora non consectetur. Aliquam tempora dolor non non amet quisquam. Etincidunt labore labore velit voluptatem consectetur tempora. Labore est porro magnam dolorem sit etincidunt. Numquam porro eius etincidunt non. Ipsum porro neque amet magnam sed quisquam. Etincidunt neque labore eius.', 'new', '1', NULL, '', 'enabled', 000, 0, 000, 0),
(232, 'Bug Report: morel', 'Ipsum sed sit velit. Consectetur quisquam modi dolore eius. Dolore magnam porro dolorem. Quaerat eius amet porro quiquia. Dolore consectetur quiquia non sed neque tempora labore. Quaerat aliquam sed consectetur velit quisquam etincidunt neque. Labore quiquia quiquia quaerat. Non dolorem sed neque ipsum. Aliquam amet dolor etincidunt dolore. Eius labore ipsum voluptatem dolor.', 'new', '3', NULL, '', 'enabled', 000, 0, 000, 0),
(233, 'Bug Report: embody', 'Adipisci dolorem quiquia consectetur tempora. Velit ipsum ipsum magnam. Etincidunt adipisci est dolor velit quisquam sed dolore. Est non porro quisquam voluptatem magnam. Voluptatem numquam amet numquam voluptatem. Labore voluptatem dolor labore modi adipisci magnam magnam. Consectetur ipsum sit dolore. Adipisci modi adipisci sed etincidunt.', 'new', '2', NULL, '', 'enabled', 000, 0, 000, 0),
(234, 'Bug Report: Tutankhamen', 'Non dolor etincidunt est neque. Modi sed porro dolore sit dolor. Amet eius adipisci quaerat non sit sit. Est quisquam sit tempora. Magnam adipisci sit sed quisquam. Modi dolor numquam non neque. Sit magnam consectetur voluptatem non magnam etincidunt sit. Quaerat voluptatem dolore adipisci voluptatem magnam. Velit neque tempora ipsum magnam neque quisquam. Ipsum dolore dolore aliquam adipisci modi etincidunt tempora.', 'new', '3', NULL, '', 'enabled', 000, 0, 000, 0),
(235, 'Bug Report: congressmen', 'Ut ipsum numquam sit sed ut. Consectetur quiquia etincidunt dolorem sed consectetur. Quisquam est numquam numquam non. Magnam dolorem quaerat eius numquam adipisci. Porro sit quaerat est. Voluptatem eius porro ut. Voluptatem labore sit labore. Tempora amet voluptatem dolor. Dolore ut quiquia dolor quaerat sed tempora.', 'new', '2', NULL, '', 'enabled', 000, 0, 000, 0),
(236, 'Bug Report: buzz', 'Est modi quisquam numquam quiquia adipisci sit. Non aliquam sit non numquam. Numquam non dolorem aliquam quisquam quisquam aliquam. Ut sit labore dolore magnam. Dolore dolor ipsum aliquam est sit ut. Modi dolor etincidunt dolor amet tempora dolor. Ut tempora porro eius.', 'new', '1', NULL, '', 'enabled', 000, 0, 000, 0),
(237, 'Bug Report: metallurgist', 'Sit etincidunt tempora tempora. Neque dolore eius adipisci dolore sed. Eius ut numquam ut. Tempora dolor quiquia non quiquia sit dolore. Velit neque adipisci sed sit velit aliquam.', 'new', '3', NULL, '', 'enabled', 000, 0, 000, 0),
(238, 'Bug Report: clad', 'Non voluptatem est labore modi dolorem. Consectetur eius magnam labore dolorem ipsum etincidunt dolor. Dolor tempora quiquia dolorem magnam sit voluptatem. Ut eius dolorem consectetur aliquam. Sed eius non quaerat quaerat quiquia dolorem tempora. Dolore tempora labore adipisci numquam quisquam quaerat. Quaerat aliquam etincidunt neque magnam. Consectetur aliquam tempora quiquia porro aliquam. Labore voluptatem quisquam neque. Tempora labore sed dolorem porro.', 'new', '1', NULL, '', 'enabled', 000, 0, 000, 0),
(239, 'Bug Report: despite', 'Magnam tempora dolorem etincidunt non magnam. Sed aliquam aliquam voluptatem labore etincidunt velit. Dolore dolorem dolor labore est. Tempora tempora modi dolorem etincidunt non. Quiquia quisquam ipsum sit est.', 'new', '1', NULL, '', 'enabled', 000, 0, 000, 0),
(240, 'Bug Report: hosiery', 'Porro est labore dolore numquam ipsum ipsum. Magnam modi voluptatem amet consectetur. Adipisci sit numquam ipsum ipsum etincidunt. Dolorem quisquam numquam quiquia. Modi aliquam magnam labore dolor.', 'new', '3', NULL, '', 'enabled', 000, 0, 000, 0),
(241, 'Bug Report: Linda', 'Dolorem eius amet sed magnam. Quiquia est sit aliquam neque eius quaerat. Aliquam voluptatem quaerat modi non neque. Porro magnam ut sit numquam sed adipisci amet. Eius ut est dolore. Ut voluptatem dolor eius consectetur voluptatem. Quaerat sed quiquia tempora est etincidunt amet. Quisquam quaerat aliquam dolorem eius amet. Velit dolor modi labore quaerat sed.', 'new', '3', NULL, '', 'enabled', 000, 0, 000, 0),
(242, 'Bug Report: filmstrip', 'Velit magnam non est quisquam magnam aliquam. Ut dolorem ut etincidunt. Dolore voluptatem non etincidunt magnam neque voluptatem. Ut velit etincidunt numquam velit consectetur voluptatem dolorem. Dolore numquam dolor magnam est. Ut quisquam dolore magnam aliquam. Adipisci voluptatem ipsum sed ut amet. Dolore sed ut quisquam sed non. Porro ut labore etincidunt voluptatem dolore numquam modi.', 'new', '2', NULL, '', 'enabled', 000, 0, 000, 0),
(243, 'Bug Report: alcoholic', 'Velit sit dolorem voluptatem modi ut modi tempora. Ipsum dolorem quisquam numquam porro. Ipsum labore amet dolorem dolore est. Labore sed ipsum amet magnam dolore. Numquam aliquam adipisci voluptatem adipisci quiquia. Est etincidunt dolore dolore.', 'new', '3', NULL, '', 'enabled', 000, 0, 000, 0),
(244, 'Bug Report: anorexia', 'Voluptatem velit quaerat magnam aliquam. Ipsum dolore non amet modi dolore labore. Quiquia numquam non tempora. Numquam eius adipisci adipisci aliquam dolor eius. Neque dolor aliquam neque voluptatem sit non quaerat.', 'new', '2', NULL, '', 'enabled', 000, 0, 000, 0),
(245, 'Bug Report: pectoral', 'Dolorem sit labore modi. Sed etincidunt tempora aliquam velit eius porro. Amet dolor amet voluptatem. Quaerat quiquia numquam sed velit quisquam. Sed est aliquam labore magnam. Dolor non sed porro aliquam velit modi. Est velit labore velit dolor ut magnam modi. Sit voluptatem magnam quiquia non dolorem consectetur adipisci. Velit quaerat ut quisquam neque. Quisquam numquam quiquia voluptatem.', 'new', '3', NULL, '', 'enabled', 000, 0, 000, 0),
(246, 'Bug Report: ecology', 'Voluptatem porro ut amet. Dolor magnam velit tempora dolore. Ut ut ipsum adipisci sed velit. Tempora quiquia modi ipsum dolor sit magnam. Ut consectetur velit ipsum dolorem adipisci.', 'new', '1', NULL, '', 'enabled', 000, 0, 000, 0),
(247, 'Bug Report: handsome', 'Ut sit eius quaerat aliquam dolor dolorem sed. Consectetur porro quiquia etincidunt. Adipisci quaerat sit voluptatem dolore. Etincidunt dolor ipsum ut etincidunt. Labore dolor dolore quisquam etincidunt consectetur voluptatem magnam.', 'new', '2', NULL, '', 'enabled', 000, 0, 000, 0),
(248, 'Bug Report: woven', 'Dolore sed labore ut magnam velit. Numquam non labore quaerat dolorem dolore magnam. Non neque ipsum adipisci adipisci quaerat. Non neque sit modi tempora velit. Consectetur voluptatem velit quisquam magnam non. Ut aliquam ipsum porro. Dolorem sit eius dolorem tempora voluptatem neque.', 'new', '3', NULL, '', 'enabled', 000, 0, 000, 0),
(249, 'Bug Report: Scotsmen', 'Neque non quiquia ut. Sed tempora magnam ut voluptatem neque non. Consectetur ut aliquam sed modi porro. Etincidunt est tempora labore. Sed aliquam velit ipsum adipisci modi porro. Dolor non porro voluptatem dolore quaerat. Adipisci amet voluptatem voluptatem eius dolor. Modi adipisci porro aliquam non ut magnam aliquam. Numquam numquam aliquam neque. Est etincidunt eius modi dolorem labore ipsum.', 'new', '2', NULL, '', 'enabled', 000, 0, 000, 0),
(250, 'Bug Report: bankrupt', 'Ut quiquia quaerat numquam modi. Adipisci dolore consectetur est. Adipisci eius quisquam quaerat aliquam. Adipisci velit velit consectetur. Tempora modi dolorem dolorem quiquia voluptatem consectetur sed. Amet sit numquam porro consectetur quiquia magnam aliquam. Voluptatem adipisci dolore quaerat neque eius voluptatem. Quiquia amet etincidunt est velit voluptatem dolore. Quisquam porro ut etincidunt.', 'new', '3', NULL, '', 'enabled', 000, 0, 000, 0),
(251, 'Bug Report: Roberta', 'Sit sit dolore numquam eius est modi. Porro quaerat velit modi quiquia est ipsum. Quaerat non dolorem etincidunt adipisci. Ut adipisci eius numquam labore. Dolore amet neque aliquam. Numquam amet consectetur quaerat quiquia dolor quisquam. Etincidunt amet dolorem magnam ipsum labore quaerat.', 'new', '2', NULL, '', 'enabled', 000, 0, 000, 0),
(252, 'Bug Report: hypocrisy', 'Non amet eius sed. Voluptatem non amet est voluptatem. Ipsum etincidunt sed ipsum labore. Dolore eius non non dolore neque. Non dolore non dolorem tempora numquam dolore ipsum. Est aliquam sit consectetur amet labore.', 'new', '1', NULL, '', 'enabled', 000, 0, 000, 0),
(253, 'Bug Report: legging', 'Dolorem neque neque velit dolor. Numquam consectetur quisquam sit neque quaerat amet consectetur. Sit adipisci consectetur modi sed ipsum. Numquam labore sit voluptatem adipisci voluptatem. Etincidunt velit dolore etincidunt porro quaerat est labore. Eius est voluptatem adipisci tempora amet eius. Numquam voluptatem dolor amet. Voluptatem ut aliquam quaerat quaerat eius magnam dolor. Ut numquam quisquam quaerat eius sed sed labore. Non eius neque labore ut.', 'new', '3', NULL, '', 'enabled', 000, 0, 000, 0),
(254, 'Bug Report: switchgear', 'Velit voluptatem tempora dolore ipsum. Quiquia quiquia voluptatem quisquam quiquia quaerat numquam dolor. Ut est tempora neque non voluptatem. Numquam quaerat magnam sit modi quiquia. Tempora dolor consectetur ipsum aliquam ipsum dolor consectetur.', 'new', '3', NULL, '', 'enabled', 000, 0, 000, 0),
(255, 'Bug Report: ado', 'Dolore velit dolore etincidunt consectetur. Neque modi porro dolor aliquam porro neque. Dolore quiquia sed aliquam ut quiquia etincidunt. Consectetur aliquam dolor neque non eius eius porro. Quisquam dolorem porro dolorem. Magnam voluptatem porro eius consectetur ipsum quaerat. Tempora dolor quiquia ut magnam adipisci ut. Dolorem porro consectetur adipisci voluptatem quisquam numquam. Quaerat voluptatem tempora aliquam.', 'new', '1', NULL, '', 'enabled', 000, 0, 000, 0),
(256, 'Bug Report: conversion', 'Ut numquam aliquam ut non tempora dolore. Labore quaerat sit neque modi velit velit numquam. Dolorem amet magnam adipisci adipisci. Aliquam aliquam sit tempora est. Etincidunt non consectetur modi. Quisquam neque neque tempora magnam sit. Consectetur eius sed sit. Sit quiquia velit aliquam dolor adipisci modi eius. Amet neque consectetur dolor numquam ipsum. Dolor dolor eius voluptatem.', 'new', '2', NULL, '', 'enabled', 000, 0, 000, 0),
(257, 'Bug Report: stump', 'Sed ipsum labore neque. Eius dolorem labore quisquam etincidunt quiquia quaerat. Non sed sit dolore magnam. Neque aliquam quiquia consectetur sed porro. Consectetur sit modi sit. Quiquia quaerat dolor eius quiquia quaerat modi. Numquam tempora numquam adipisci etincidunt amet quiquia.', 'new', '3', NULL, '', 'enabled', 000, 0, 000, 0),
(258, 'Bug Report: hepatica', 'Porro labore dolorem velit amet modi velit. Quaerat labore dolor dolore quaerat est sed. Quisquam est modi sit eius. Etincidunt modi magnam ipsum non. Amet quaerat non velit ipsum modi velit adipisci. Consectetur amet magnam tempora quaerat tempora dolor.', 'new', '3', NULL, '', 'enabled', 000, 0, 000, 0),
(259, 'Bug Report: congressmen', 'Dolor quiquia sit dolore. Quisquam etincidunt quaerat etincidunt amet tempora porro. Quaerat magnam velit ipsum ut porro. Aliquam dolorem est quaerat quisquam voluptatem quisquam sit. Quisquam quiquia quiquia quiquia. Eius amet consectetur labore quiquia consectetur porro. Dolore quiquia dolore modi aliquam dolorem numquam quisquam. Ipsum numquam etincidunt dolor. Numquam magnam est aliquam amet velit non dolore.', 'new', '1', NULL, '', 'enabled', 000, 0, 000, 0),
(260, 'Bug Report: yokel', 'Quisquam modi est neque adipisci dolorem voluptatem. Velit aliquam numquam quaerat amet ut. Labore sed sed dolorem voluptatem ut. Velit dolorem consectetur ipsum aliquam dolorem quaerat ut. Magnam consectetur adipisci sed adipisci numquam. Amet voluptatem sit quaerat. Etincidunt velit quaerat dolor dolore adipisci consectetur neque. Dolorem consectetur adipisci sit aliquam. Magnam magnam neque dolor tempora consectetur ipsum. Quaerat dolorem quaerat aliquam voluptatem velit magnam.', 'new', '1', NULL, '', 'enabled', 000, 0, 000, 0),
(261, 'Bug Report: nevertheless', 'Etincidunt ipsum quisquam amet amet dolore. Dolore est modi quaerat quaerat. Quiquia tempora consectetur dolorem. Sed voluptatem adipisci quiquia. Est tempora labore etincidunt aliquam. Numquam quisquam quiquia tempora velit modi. Est tempora dolor consectetur quiquia neque sit. Non eius quaerat quiquia labore quaerat quisquam est.', 'new', '1', NULL, '', 'enabled', 000, 0, 000, 0),
(262, 'Bug Report: husbandmen', 'Est adipisci sed labore adipisci dolore. Dolore numquam ut quiquia. Dolore sit etincidunt dolor neque. Adipisci quiquia neque labore dolor dolor labore quisquam. Non ipsum adipisci eius. Amet dolor amet consectetur non dolore porro quisquam.', 'new', '1', NULL, '', 'enabled', 000, 0, 000, 0),
(263, 'Bug Report: observation', 'Dolorem amet magnam voluptatem sit voluptatem. Consectetur sit magnam numquam. Quisquam sed magnam sit velit etincidunt tempora dolore. Modi quaerat sit adipisci. Tempora quaerat porro dolorem tempora numquam velit. Quisquam ut porro adipisci numquam. Eius sit est eius. Eius sit etincidunt dolor porro. Velit numquam adipisci aliquam aliquam.', 'new', '2', NULL, '', 'enabled', 000, 0, 000, 0),
(264, 'Bug Report: Berra', 'Tempora dolor dolorem modi sit dolorem labore. Magnam ipsum dolore amet quisquam. Porro amet velit dolor quisquam dolor etincidunt. Porro porro labore quisquam est porro voluptatem. Velit modi etincidunt quaerat amet dolorem sed.', 'new', '3', NULL, '', 'enabled', 000, 0, 000, 0),
(265, 'Bug Report: besiege', 'Quiquia est quisquam quiquia velit labore. Neque dolorem sed ut eius modi dolore. Ut ipsum adipisci quaerat tempora eius est aliquam. Ut neque amet consectetur voluptatem sit. Tempora sed voluptatem quiquia porro modi. Labore neque adipisci dolor dolor dolorem labore est. Quiquia quaerat voluptatem ut. Labore ipsum etincidunt eius aliquam amet. Velit quaerat dolor eius. Tempora sed velit ut porro.', 'new', '3', NULL, '', 'enabled', 000, 0, 000, 0),
(266, 'Bug Report: demurrer', 'Adipisci adipisci non non non magnam est etincidunt. Est etincidunt dolor quiquia dolorem amet amet magnam. Sit eius quisquam est aliquam. Modi quiquia voluptatem porro etincidunt. Porro quaerat ut dolor. Non etincidunt est eius.', 'new', '1', NULL, '', 'enabled', 000, 0, 000, 0),
(267, 'Bug Report: Alexandria', 'Ut dolore velit etincidunt. Velit sed numquam voluptatem consectetur quaerat quaerat. Est quaerat quisquam modi labore dolorem modi. Adipisci amet dolorem adipisci labore magnam ut. Aliquam magnam porro magnam. Consectetur labore dolore labore modi.', 'new', '2', NULL, '', 'enabled', 000, 0, 000, 0),
(268, 'Bug Report: basaltic', 'Ut magnam ipsum ut consectetur numquam amet. Labore dolorem numquam numquam quisquam quisquam est. Sit dolore quiquia porro etincidunt modi quiquia. Etincidunt non modi eius amet adipisci. Non quaerat quiquia etincidunt quisquam tempora. Ut voluptatem consectetur amet neque numquam. Quiquia quisquam quisquam eius dolor dolor. Adipisci ut aliquam quisquam. Quaerat porro consectetur neque quisquam porro.', 'new', '1', NULL, '', 'enabled', 000, 0, 000, 0),
(269, 'Bug Report: animadvert', 'Neque neque ut numquam quaerat aliquam. Numquam quisquam amet magnam quiquia labore eius. Est quisquam dolore porro voluptatem. Quiquia neque dolor porro. Quaerat ut amet numquam ut consectetur. Modi sed numquam magnam sit consectetur non. Magnam amet non quiquia. Tempora labore etincidunt quiquia. Dolorem tempora aliquam quiquia neque dolor quaerat.', 'new', '3', NULL, '', 'enabled', 000, 0, 000, 0),
(270, 'Bug Report: plumbate', 'Labore labore ipsum tempora modi. Porro dolore quisquam quaerat tempora adipisci porro. Tempora sit non neque sed dolor dolore. Numquam neque voluptatem ipsum non dolore voluptatem quiquia. Voluptatem ut labore porro quisquam quaerat modi.', 'new', '2', NULL, '', 'enabled', 000, 0, 000, 0),
(271, 'Bug Report: deposition', 'Quiquia quiquia sed dolor labore. Voluptatem est aliquam dolor velit. Dolorem amet modi quisquam sed velit quisquam modi. Labore adipisci adipisci dolore amet quaerat. Numquam voluptatem voluptatem consectetur. Tempora non tempora labore. Ut voluptatem quisquam labore non velit porro. Quisquam dolor dolore porro eius porro sit. Numquam etincidunt porro velit modi numquam sed.', 'new', '3', NULL, '', 'enabled', 000, 0, 000, 0),
(272, 'Bug Report: mansion', 'Sit ipsum magnam sed quisquam ipsum aliquam quiquia. Non non quaerat labore aliquam neque neque quiquia. Dolor est neque numquam dolorem. Ut est modi modi dolore. Dolor porro modi dolore. Non numquam ipsum ut tempora ipsum numquam magnam. Ipsum neque dolore adipisci.', 'new', '1', NULL, '', 'enabled', 000, 0, 000, 0),
(273, 'Bug Report: panacea', 'Adipisci dolor ipsum ut amet. Ipsum etincidunt magnam sit numquam. Velit sed dolore magnam etincidunt. Modi neque dolore velit etincidunt. Quisquam porro amet dolorem dolore dolor velit amet. Amet sit consectetur ut.', 'new', '1', NULL, '', 'enabled', 000, 0, 000, 0),
(274, 'Bug Report: improvisate', 'Labore dolorem quisquam sed. Sed ut amet labore aliquam. Modi labore neque magnam modi eius modi eius. Voluptatem magnam porro consectetur etincidunt neque labore. Adipisci labore dolorem dolore magnam non non eius. Etincidunt eius numquam ipsum quisquam ipsum labore.', 'new', '1', NULL, '', 'enabled', 000, 0, 000, 0),
(275, 'Bug Report: were', 'Velit magnam non etincidunt sed. Est aliquam est amet adipisci. Etincidunt neque labore porro. Aliquam quaerat aliquam dolor non. Numquam ipsum adipisci eius quaerat. Labore sed labore modi. Etincidunt quiquia quisquam aliquam labore.', 'new', '3', NULL, '', 'enabled', 000, 0, 000, 0),
(276, 'Bug Report: economist', 'Est tempora velit est eius quiquia consectetur. Magnam eius aliquam quiquia quaerat. Modi numquam ipsum quaerat non. Voluptatem quiquia consectetur magnam etincidunt dolorem consectetur. Sit est voluptatem dolor. Quisquam quaerat voluptatem sed labore sed eius ipsum. Voluptatem amet non quisquam.', 'new', '3', NULL, '', 'enabled', 000, 0, 000, 0),
(277, 'Bug Report: voracity', 'Eius dolore magnam velit. Quaerat ipsum ipsum sit voluptatem dolor. Est porro ut modi dolore. Tempora dolore dolor ut quiquia aliquam quaerat tempora. Quisquam sit etincidunt porro tempora modi sed eius. Sit amet neque etincidunt dolore aliquam magnam. Ut non non porro dolorem etincidunt. Quiquia etincidunt quaerat magnam. Aliquam quisquam ipsum non numquam tempora.', 'new', '3', NULL, '', 'enabled', 000, 0, 000, 0),
(278, 'Bug Report: aboriginal', 'Velit dolore voluptatem eius sit velit quiquia. Ut voluptatem magnam dolor modi voluptatem velit etincidunt. Ipsum labore modi quaerat quisquam ipsum sed. Est quaerat numquam dolor non. Porro adipisci dolorem magnam dolore aliquam.', 'new', '2', NULL, '', 'enabled', 000, 0, 000, 0),
(279, 'Bug Report: taxonomy', 'Voluptatem voluptatem sit sit neque non quisquam. Aliquam est adipisci neque magnam velit consectetur ut. Consectetur dolorem ipsum ipsum etincidunt. Voluptatem quaerat dolore eius labore sed velit. Tempora sed voluptatem non. Neque dolore neque ut labore. Amet sed quisquam ut modi est. Amet ipsum velit tempora.', 'new', '3', NULL, '', 'enabled', 000, 0, 000, 0),
(280, 'Bug Report: argumentative', 'Quiquia quiquia porro eius ipsum non est adipisci. Ipsum magnam sit velit non est consectetur. Velit numquam quiquia tempora. Tempora dolore tempora labore dolor. Modi tempora adipisci quisquam amet.', 'new', '1', NULL, '', 'enabled', 000, 0, 000, 0),
(281, 'Bug Report: nugget', 'Dolore velit tempora dolor dolore non ut. Sit sit amet labore tempora consectetur. Magnam dolorem ipsum sed ipsum non tempora consectetur. Etincidunt quiquia eius voluptatem. Dolorem non labore tempora amet sed. Sit dolorem porro adipisci ut adipisci sed sit. Non ipsum porro est. Voluptatem non velit tempora porro aliquam adipisci labore. Dolor magnam voluptatem ut dolorem. Tempora aliquam dolor dolorem sit aliquam.', 'new', '3', NULL, '', 'enabled', 000, 0, 000, 0),
(282, 'Bug Report: bayou', 'Ipsum voluptatem labore dolor quiquia dolorem adipisci. Dolor magnam aliquam aliquam. Velit porro ipsum porro etincidunt velit tempora. Etincidunt modi quiquia magnam. Non aliquam dolorem ut tempora tempora ut. Consectetur quiquia quisquam sit magnam etincidunt. Aliquam velit quaerat velit dolore.', 'new', '3', NULL, '', 'enabled', 000, 0, 000, 0),
(283, 'Bug Report: fortune', 'Sit modi dolor sed neque consectetur quisquam eius. Dolore eius velit porro numquam. Velit labore etincidunt sed. Quaerat velit quaerat sit voluptatem tempora etincidunt magnam. Quisquam modi dolorem adipisci velit porro. Dolore consectetur adipisci ut dolorem velit non. Ut sit adipisci consectetur. Modi neque ut quiquia.', 'new', '1', NULL, '', 'enabled', 000, 0, 000, 0),
(284, 'Bug Report: germinal', 'Quaerat quaerat ut dolore ut. Quaerat quisquam aliquam magnam ipsum adipisci modi. Adipisci sed velit eius quiquia velit ut tempora. Aliquam dolor ut neque modi ipsum voluptatem. Labore numquam adipisci quaerat dolor consectetur velit. Sit neque adipisci neque. Porro amet amet porro.', 'new', '2', NULL, '', 'enabled', 000, 0, 000, 0),
(285, 'Bug Report: lifetime', 'Quisquam dolorem eius adipisci adipisci dolore ut ipsum. Aliquam dolore adipisci labore sit. Adipisci modi modi est non etincidunt. Dolorem modi non etincidunt. Labore sit magnam modi porro ut.', 'new', '1', NULL, '', 'enabled', 000, 0, 000, 0),
(286, 'Bug Report: magnetite', 'Ipsum quisquam neque labore modi amet consectetur. Voluptatem labore modi labore sed sit magnam dolorem. Sit sit etincidunt velit eius dolor voluptatem. Neque non modi dolore aliquam. Non etincidunt quisquam labore. Consectetur est dolore amet modi quiquia quisquam voluptatem.', 'new', '3', NULL, '', 'enabled', 000, 0, 000, 0),
(287, 'Bug Report: grin', 'Sit dolore aliquam est amet ipsum aliquam ut. Etincidunt quaerat numquam labore adipisci amet ipsum amet. Numquam dolore aliquam eius tempora aliquam. Sed aliquam labore ipsum quisquam dolor. Amet quiquia consectetur magnam. Modi magnam consectetur est dolorem consectetur magnam modi. Consectetur amet tempora dolor. Consectetur consectetur est eius.', 'new', '3', NULL, '', 'enabled', 000, 0, 000, 0),
(288, 'Bug Report: tack', 'Neque dolorem sed numquam amet velit etincidunt tempora. Sed adipisci sit magnam est tempora dolore. Dolor dolor eius est adipisci. Est aliquam magnam dolorem neque. Dolor non adipisci dolorem. Est voluptatem tempora modi. Quiquia consectetur ut voluptatem modi numquam. Numquam sit quaerat sed dolorem sed non etincidunt. Dolor dolorem amet velit modi porro aliquam tempora.', 'new', '3', NULL, '', 'enabled', 000, 0, 000, 0),
(289, 'Bug Report: landslide', 'Ipsum labore sed dolore porro magnam velit. Eius velit eius etincidunt dolor dolorem tempora quisquam. Ut dolor quaerat amet amet sit. Adipisci voluptatem sit numquam dolorem ut. Consectetur quaerat ipsum numquam non. Porro adipisci consectetur consectetur modi magnam. Tempora eius aliquam dolore quisquam est. Sed non labore voluptatem.', 'new', '3', NULL, '', 'enabled', 000, 0, 000, 0),
(290, 'Bug Report: pyrometer', 'Ut consectetur labore aliquam tempora neque ut consectetur. Magnam etincidunt voluptatem voluptatem non velit. Dolor labore neque ut. Neque modi modi etincidunt sed dolorem ipsum. Est quaerat dolor non labore. Modi quiquia neque adipisci est quaerat sed magnam. Dolore aliquam voluptatem dolore ipsum. Sed quaerat modi modi aliquam labore ipsum. Modi eius modi quiquia numquam dolore non consectetur. Quiquia voluptatem tempora non dolorem.', 'new', '1', NULL, '', 'enabled', 000, 0, 000, 0),
(291, 'Bug Report: forwent', 'Magnam consectetur sed quaerat velit ipsum modi sed. Dolor voluptatem modi velit est ipsum amet. Consectetur eius sed numquam quisquam eius. Voluptatem consectetur numquam aliquam sit eius dolor. Ipsum labore etincidunt etincidunt. Quiquia modi dolor quaerat. Ut porro sed ipsum dolor est labore.', 'new', '1', NULL, '', 'enabled', 000, 0, 000, 0),
(292, 'Bug Report: less', 'Dolore labore adipisci aliquam ut. Est tempora non labore amet. Modi velit aliquam numquam sed. Numquam dolore amet tempora. Velit dolorem amet dolore dolore velit aliquam. Est quiquia dolorem ut. Quaerat numquam amet sit modi etincidunt. Modi velit consectetur adipisci. Dolor aliquam neque aliquam magnam voluptatem. Dolorem non eius est quaerat adipisci dolor tempora.', 'new', '1', NULL, '', 'enabled', 000, 0, 000, 0),
(293, 'Bug Report: transcription', 'Sit porro amet eius. Velit modi eius non. Est dolore quaerat eius. Aliquam dolorem dolorem dolor porro porro. Ut ut velit ut dolorem amet.', 'new', '3', NULL, '', 'enabled', 000, 0, 000, 0),
(294, 'Bug Report: madrigal', 'Velit voluptatem dolorem ipsum sit. Voluptatem quisquam dolore est quiquia sed porro. Tempora magnam sit modi dolorem consectetur sit labore. Ipsum numquam numquam neque. Velit quisquam sed sit ut magnam consectetur amet. Quisquam quisquam est quaerat est. Labore tempora ut magnam dolorem dolore amet amet. Velit amet voluptatem ipsum tempora porro dolorem. Magnam numquam neque quiquia eius aliquam magnam porro.', 'new', '3', NULL, '', 'enabled', 000, 0, 000, 0),
(295, 'Bug Report: lip', 'Voluptatem est non est. Quisquam etincidunt non sed dolor voluptatem sed. Amet ipsum magnam consectetur dolore. Voluptatem eius sed labore dolor dolor labore. Voluptatem quisquam etincidunt porro porro adipisci. Ut neque ipsum amet aliquam tempora.', 'new', '2', NULL, '', 'enabled', 000, 0, 000, 0),
(296, 'Bug Report: Nullstellensatz', 'Tempora dolore est dolore velit eius quisquam voluptatem. Numquam quaerat porro dolore quaerat. Numquam velit velit tempora labore dolor. Sed eius adipisci modi sed. Sed amet velit est sit quisquam voluptatem. Labore sit velit ipsum tempora.', 'new', '3', NULL, '', 'enabled', 000, 0, 000, 0),
(297, 'Bug Report: scorecard', 'Aliquam amet dolore sit dolor velit labore sit. Sed voluptatem porro quisquam ipsum velit ut dolorem. Consectetur non porro neque quaerat. Amet sed labore adipisci velit velit. Dolore eius sed porro ut sed ipsum ut. Quisquam sed numquam dolor neque quisquam. Numquam quisquam labore sit modi neque magnam. Sit consectetur adipisci dolore sed.', 'new', '1', NULL, '', 'enabled', 000, 0, 000, 0),
(298, 'Bug Report: veto', 'Adipisci voluptatem non quaerat modi adipisci quaerat dolor. Tempora non modi magnam. Magnam consectetur consectetur sit. Amet consectetur magnam porro ipsum neque. Sit tempora magnam labore. Ut labore modi est.', 'new', '3', NULL, '', 'enabled', 000, 0, 000, 0),
(299, 'Bug Report: Colloq', 'Adipisci ut non consectetur quisquam magnam dolorem etincidunt. Aliquam porro consectetur amet dolor modi quisquam. Quiquia dolorem labore porro amet. Non velit labore dolorem magnam quaerat. Porro quiquia magnam quisquam. Amet amet amet est est. Ut tempora tempora magnam velit neque neque. Non sed adipisci quiquia numquam neque. Ipsum eius ut quaerat velit eius.', 'new', '2', NULL, '', 'enabled', 000, 0, 000, 0),
(300, 'Bug Report: holeable', 'Consectetur eius amet ipsum modi. Quiquia adipisci eius aliquam magnam. Non adipisci numquam aliquam aliquam dolorem. Dolorem dolorem dolor eius ut non adipisci quaerat. Non adipisci consectetur quaerat est. Dolore quaerat aliquam eius non eius. Etincidunt numquam etincidunt modi est est etincidunt.', 'new', '3', NULL, '', 'enabled', 000, 0, 000, 0),
(301, 'Bug Report: Antoine', 'Quaerat labore labore quaerat quaerat ipsum. Quaerat est est etincidunt ut quisquam quaerat. Quiquia amet porro consectetur modi ipsum velit dolorem. Est dolorem velit ut tempora numquam dolor. Eius ut quiquia porro quiquia porro dolorem. Dolorem velit velit porro eius adipisci ut. Non labore ipsum tempora quaerat. Porro est neque magnam neque.', 'new', '1', NULL, '', 'enabled', 000, 0, 000, 0),
(302, 'Bug Report: Gotham', 'Quaerat aliquam consectetur modi dolorem. Numquam dolor consectetur adipisci non aliquam. Ipsum amet adipisci est quaerat dolor. Sed sit amet consectetur magnam tempora est. Dolorem quiquia quiquia numquam eius sit tempora sed. Consectetur quiquia magnam quisquam velit. Labore voluptatem voluptatem amet.', 'new', '1', NULL, '', 'enabled', 000, 0, 000, 0),
(303, 'Bug Report: reportorial', 'Numquam ipsum ipsum quiquia ut. Aliquam magnam velit tempora adipisci. Numquam quiquia voluptatem labore adipisci consectetur tempora. Quiquia amet quisquam numquam aliquam labore sit. Aliquam adipisci est dolor ipsum quaerat dolor. Aliquam consectetur consectetur neque labore sed tempora est. Adipisci modi dolorem ipsum adipisci adipisci ut. Neque ipsum modi ut labore amet. Ut quisquam ut aliquam ipsum labore. Voluptatem modi porro etincidunt quiquia adipisci.', 'new', '1', NULL, '', 'enabled', 000, 0, 000, 0),
(304, 'Bug Report: format', 'Aliquam modi dolorem amet sed aliquam tempora. Ipsum porro sed numquam porro tempora amet etincidunt. Tempora consectetur neque est sit. Amet quiquia neque est ipsum dolorem consectetur modi. Aliquam magnam numquam quiquia voluptatem tempora.', 'new', '1', NULL, '', 'enabled', 000, 0, 000, 0),
(305, 'Bug Report: infinite', 'Porro velit neque dolorem est quaerat non est. Adipisci neque dolore dolore tempora aliquam. Modi amet est dolorem non adipisci eius. Sed consectetur eius eius sed velit adipisci. Labore velit dolor porro quaerat dolore modi.', 'new', '2', NULL, '', 'enabled', 000, 0, 000, 0),
(306, 'Bug Report: thoroughbred', 'Dolorem dolore porro labore non. Adipisci dolorem sed voluptatem dolor est numquam non. Consectetur modi est voluptatem sit dolorem dolorem dolorem. Numquam amet labore quisquam sed velit sit velit. Est amet numquam etincidunt magnam amet sed modi. Adipisci ut dolor porro sit labore. Numquam labore aliquam amet aliquam porro dolore. Modi quaerat magnam numquam. Non modi amet numquam quaerat. Non amet neque eius ut neque porro.', 'new', '1', NULL, '', 'enabled', 000, 0, 000, 0),
(307, 'Bug Report: russet', 'Tempora modi modi est dolor. Quisquam etincidunt adipisci porro. Adipisci quaerat non eius dolore. Est sit labore dolore sed sit. Quisquam dolorem consectetur dolor ipsum. Quisquam amet dolore labore quisquam. Aliquam velit quaerat adipisci dolore non.', 'new', '3', NULL, '', 'enabled', 000, 0, 000, 0),
(308, 'Bug Report: denounce', 'Dolorem sit sed ipsum. Amet modi dolorem est etincidunt. Ut eius eius magnam neque aliquam consectetur. Non modi labore quisquam. Ut dolorem aliquam amet ut sit velit sit. Consectetur sit quiquia amet consectetur voluptatem. Sit labore neque velit numquam.', 'new', '3', NULL, '', 'enabled', 000, 0, 000, 0),
(309, 'Bug Report: lime', 'Consectetur consectetur tempora etincidunt voluptatem ut voluptatem. Quiquia numquam magnam quaerat etincidunt numquam eius. Quaerat dolor velit dolorem voluptatem. Numquam adipisci modi ut magnam. Ipsum labore tempora non labore. Voluptatem adipisci numquam quaerat tempora sit. Est quiquia tempora quaerat. Ut velit dolor amet.', 'new', '1', NULL, '', 'enabled', 000, 0, 000, 0),
(310, 'Bug Report: shouldnt', 'Amet est porro adipisci quaerat sit etincidunt. Labore dolorem sit est aliquam consectetur neque. Dolore ipsum ipsum quaerat modi dolore. Eius quiquia aliquam quisquam voluptatem dolor. Tempora tempora sed quiquia quiquia sed. Eius aliquam dolor dolorem etincidunt aliquam ut. Adipisci ipsum amet dolor sit ut adipisci. Dolore dolor aliquam est quisquam velit consectetur quaerat. Non est quaerat quiquia dolor labore adipisci.', 'new', '1', NULL, '', 'enabled', 000, 0, 000, 0),
(311, 'Bug Report: Carib', 'Ut labore dolore porro quaerat labore dolor aliquam. Dolorem quiquia eius ipsum adipisci. Quiquia aliquam consectetur aliquam quiquia quaerat. Sit magnam dolore ipsum labore. Est porro porro aliquam consectetur velit. Non dolor dolor tempora velit ut. Quiquia ut adipisci neque dolorem ipsum. Etincidunt porro ipsum dolor magnam est velit.', 'new', '2', NULL, '', 'enabled', 000, 0, 000, 0),
(312, 'Bug Report: contralateral', 'Sed dolor est sit. Labore quiquia quisquam sed. Voluptatem tempora est neque quiquia sit quaerat neque. Tempora numquam quaerat sed dolore eius quisquam. Modi quisquam numquam quisquam neque eius. Dolore ipsum est aliquam aliquam voluptatem adipisci voluptatem.', 'new', '2', NULL, '', 'enabled', 000, 0, 000, 0),
(313, 'Bug Report: olfactory', 'Eius tempora ut aliquam quiquia. Velit magnam tempora etincidunt tempora magnam. Ipsum porro eius quaerat. Porro numquam aliquam magnam neque. Aliquam quisquam neque quiquia neque consectetur neque etincidunt. Adipisci velit porro neque ut aliquam sit. Consectetur numquam dolorem ipsum. Ipsum neque quisquam voluptatem. Quisquam ipsum eius tempora quaerat eius porro.', 'new', '1', NULL, '', 'enabled', 000, 0, 000, 0),
(314, 'Bug Report: wallpaper', 'Ipsum adipisci etincidunt consectetur ut tempora. Numquam labore ipsum dolorem dolorem velit. Quaerat etincidunt tempora dolorem eius. Porro etincidunt dolor sed dolorem dolorem amet. Ut voluptatem velit consectetur quisquam quiquia ut. Sed porro porro numquam neque. Quiquia quaerat porro magnam. Etincidunt numquam tempora ut consectetur porro numquam. Amet amet tempora ut quaerat labore. Velit neque numquam dolor.', 'new', '1', NULL, '', 'enabled', 000, 0, 000, 0),
(315, 'Bug Report: Dylan', 'Sit dolor dolor dolor tempora quaerat ipsum. Velit etincidunt ut dolore. Voluptatem quiquia quaerat dolor. Non velit amet amet dolor dolorem non. Dolore ipsum labore etincidunt magnam etincidunt. Velit sed magnam tempora.', 'new', '1', NULL, '', 'enabled', 000, 0, 000, 0),
(316, 'Bug Report: quaint', 'Dolor eius etincidunt porro aliquam. Magnam est magnam voluptatem. Ut quisquam velit ipsum. Magnam voluptatem quiquia velit eius dolorem labore non. Adipisci neque ipsum tempora magnam.', 'new', '2', NULL, '', 'enabled', 000, 0, 000, 0),
(317, 'Bug Report: snout', 'Modi voluptatem est eius modi. Dolor etincidunt quiquia dolorem dolor. Quiquia dolorem est dolorem. Non sit est eius dolore eius. Labore numquam sed sed ut. Magnam sit numquam porro neque est dolor dolorem.', 'new', '3', NULL, '', 'enabled', 000, 0, 000, 0),
(318, 'Bug Report: airlift', 'Modi est ut consectetur. Quaerat quiquia ut neque. Amet velit dolor quiquia. Modi adipisci voluptatem eius quiquia labore. Dolor sit non quaerat magnam amet. Ipsum quisquam quisquam quiquia etincidunt.', 'new', '3', NULL, '', 'enabled', 000, 0, 000, 0),
(319, 'Bug Report: anxiety', 'Quisquam consectetur consectetur est modi quisquam quisquam. Modi ut magnam eius voluptatem ipsum. Ipsum aliquam labore amet quiquia. Numquam consectetur consectetur neque adipisci voluptatem tempora velit. Quiquia tempora quiquia porro quaerat adipisci. Quisquam magnam quaerat eius modi eius. Numquam etincidunt eius quaerat ipsum. Dolore etincidunt tempora non. Numquam quaerat porro tempora amet ipsum.', 'new', '1', NULL, '', 'enabled', 000, 0, 000, 0),
(320, 'Bug Report: upstart', 'Etincidunt amet est consectetur etincidunt dolor eius aliquam. Numquam velit porro consectetur. Adipisci quaerat aliquam dolorem. Non modi tempora modi aliquam numquam quisquam. Tempora porro consectetur amet. Est ut aliquam voluptatem est dolor. Quiquia quiquia tempora dolore quiquia. Quaerat est magnam neque etincidunt neque magnam porro. Non dolore adipisci sed.', 'new', '2', NULL, '', 'enabled', 000, 0, 000, 0),
(321, 'Bug Report: abscissa', 'Quiquia magnam sit quiquia voluptatem. Dolorem labore quisquam sit quisquam. Labore adipisci est ipsum. Porro etincidunt est ut numquam tempora consectetur tempora. Dolore numquam eius quiquia neque aliquam aliquam dolor. Ut tempora tempora velit. Aliquam dolorem aliquam consectetur labore dolorem. Quaerat quisquam sit neque dolore quiquia voluptatem amet.', 'new', '2', NULL, '', 'enabled', 000, 0, 000, 0),
(322, 'Bug Report: Schubert', 'Neque ut numquam eius porro etincidunt. Consectetur sed dolor sed magnam amet voluptatem. Sed amet dolorem amet numquam. Numquam amet neque dolore. Non voluptatem tempora porro eius. Est amet eius etincidunt numquam neque non sed. Eius dolorem amet dolorem consectetur. Est quisquam modi neque porro sit quisquam velit.', 'new', '1', NULL, '', 'enabled', 000, 0, 000, 0),
(323, 'Bug Report: condiment', 'Quaerat modi amet sit velit. Tempora neque aliquam est labore adipisci quisquam aliquam. Neque non non etincidunt est quisquam non. Dolore aliquam tempora quiquia consectetur velit magnam. Numquam quisquam dolor adipisci magnam tempora. Velit neque voluptatem dolore. Quisquam velit aliquam est voluptatem sit amet. Sit labore quisquam quaerat. Porro voluptatem aliquam dolor sit sed velit. Quisquam porro est amet magnam ipsum velit aliquam.', 'new', '1', NULL, '', 'enabled', 000, 0, 000, 0),
(324, 'Bug Report: diversion', 'Est dolorem adipisci quiquia. Quaerat adipisci amet sit. Neque dolorem quiquia adipisci ipsum etincidunt ipsum. Etincidunt magnam voluptatem magnam etincidunt. Magnam quiquia dolore dolor dolor eius sed aliquam. Consectetur tempora quiquia porro eius. Dolor consectetur sit aliquam eius eius. Velit amet ut ut. Ipsum eius dolor sit. Magnam consectetur est numquam magnam quaerat numquam sed.', 'new', '1', NULL, '', 'enabled', 000, 0, 000, 0),
(325, 'Bug Report: able', 'Porro sit dolor sit. Eius aliquam non etincidunt velit. Sed eius porro quaerat est ipsum neque. Aliquam quiquia neque quaerat ut labore dolorem. Eius consectetur ut amet labore. Etincidunt sit modi numquam velit eius consectetur quisquam. Etincidunt voluptatem non tempora sed porro consectetur porro. Dolore quiquia non modi quisquam magnam. Est consectetur dolor dolorem dolorem numquam ipsum ipsum.', 'new', '3', NULL, '', 'enabled', 000, 0, 000, 0),
(326, 'Bug Report: skindive', 'Numquam magnam adipisci etincidunt ut. Dolorem dolorem voluptatem velit est. Consectetur velit voluptatem est dolorem amet sed magnam. Aliquam ut modi quaerat ipsum sit. Velit voluptatem dolor amet sed non.', 'new', '1', NULL, '', 'enabled', 000, 0, 000, 0),
(327, 'Bug Report: Colorado', 'Ut est voluptatem quiquia. Magnam eius quisquam ipsum. Eius amet dolorem magnam. Quaerat tempora dolor neque modi dolor dolor. Velit voluptatem voluptatem etincidunt est.', 'new', '2', NULL, '', 'enabled', 000, 0, 000, 0),
(328, 'Bug Report: cordage', 'Magnam voluptatem velit velit. Numquam sed dolore tempora aliquam dolorem dolorem. Quaerat voluptatem labore ut aliquam quaerat etincidunt. Etincidunt sit magnam magnam labore labore amet est. Aliquam velit modi non. Labore dolorem adipisci voluptatem magnam. Labore etincidunt quiquia consectetur. Est adipisci aliquam adipisci etincidunt.', 'new', '2', NULL, '', 'enabled', 000, 0, 000, 0),
(329, 'Bug Report: amongst', 'Voluptatem ut neque voluptatem quisquam adipisci ipsum. Eius numquam numquam quisquam consectetur adipisci. Adipisci quisquam quaerat labore velit. Sit dolorem etincidunt amet neque quisquam dolore adipisci. Quaerat dolorem ut numquam. Eius tempora sit etincidunt neque quiquia. Labore voluptatem quaerat consectetur.', 'new', '2', NULL, '', 'enabled', 000, 0, 000, 0),
(330, 'Bug Report: sangaree', 'Labore amet porro ipsum tempora velit est voluptatem. Sed tempora amet magnam. Dolorem non magnam non ut. Adipisci est numquam tempora modi. Velit ut labore adipisci ut voluptatem dolore. Porro dolore quiquia sed labore. Dolor adipisci quaerat est dolor modi.', 'new', '3', NULL, '', 'enabled', 000, 0, 000, 0),
(331, 'Bug Report: anoint', 'Ut voluptatem est magnam. Dolore dolor quaerat dolorem porro magnam. Voluptatem quiquia adipisci tempora aliquam numquam quaerat quaerat. Aliquam voluptatem est eius dolore sed. Eius ipsum tempora consectetur. Est sed ipsum quiquia velit modi quisquam quaerat. Consectetur neque amet est. Quisquam tempora numquam numquam ut. Quaerat tempora etincidunt magnam amet. Quiquia ut est est amet.', 'new', '2', NULL, '', 'enabled', 000, 0, 000, 0),
(332, 'Bug Report: winch', 'Quisquam etincidunt labore quisquam. Voluptatem magnam magnam velit modi. Quaerat magnam dolore consectetur quiquia sit. Etincidunt voluptatem non adipisci non. Eius sed quisquam sit labore adipisci consectetur porro. Est voluptatem quaerat quisquam est non eius. Ut consectetur etincidunt neque. Etincidunt est labore quisquam modi numquam. Quisquam consectetur dolore sit eius etincidunt etincidunt tempora. Modi magnam sed adipisci velit aliquam etincidunt.', 'new', '1', NULL, '', 'enabled', 000, 0, 000, 0),
(333, 'Bug Report: Malabar', 'Aliquam ut velit eius numquam quaerat consectetur neque. Dolore etincidunt dolore adipisci labore quisquam labore. Labore consectetur voluptatem dolorem. Est est quiquia sit sit voluptatem. Non consectetur etincidunt numquam dolore. Sit etincidunt ut quiquia est sit consectetur.', 'new', '2', NULL, '', 'enabled', 000, 0, 000, 0),
(334, 'Bug Report: sextuple', 'Etincidunt modi etincidunt aliquam ut ipsum eius. Dolore eius ut sit labore sit ipsum. Ut eius sit ipsum. Ipsum adipisci ut quaerat. Velit adipisci labore adipisci. Labore quisquam aliquam ut tempora modi quiquia labore. Consectetur est magnam ut.', 'new', '1', NULL, '', 'enabled', 000, 0, 000, 0),
(335, 'Bug Report: hillmen', 'Eius dolore dolor est dolor sed. Magnam est velit magnam labore sed. Amet sit quisquam quiquia sit. Velit sit adipisci dolor aliquam. Quaerat adipisci porro quiquia labore dolor velit. Eius velit quiquia ipsum neque est dolore non. Ut magnam porro ipsum ut dolorem quaerat. Porro aliquam amet quisquam quaerat. Adipisci quisquam eius consectetur dolor quaerat modi est.', 'new', '2', NULL, '', 'enabled', 000, 0, 000, 0),
(336, 'Bug Report: Poland', 'Non modi tempora quaerat numquam ut. Eius non dolorem dolor non modi est sed. Modi numquam quaerat neque amet. Velit sit sed sit. Quisquam quiquia dolore est tempora aliquam non eius.', 'new', '2', NULL, '', 'enabled', 000, 0, 000, 0),
(337, 'Bug Report: flaunt', 'Tempora porro neque amet. Ut consectetur dolorem neque amet. Dolorem voluptatem aliquam dolore numquam. Labore voluptatem eius neque magnam dolorem. Aliquam est etincidunt velit dolore. Voluptatem neque sed neque sit numquam aliquam.', 'new', '3', NULL, '', 'enabled', 000, 0, 000, 0),
(338, 'Bug Report: rheumatism', 'Est ipsum tempora ipsum sed labore ipsum. Adipisci dolorem labore sit consectetur etincidunt. Tempora consectetur non modi dolore quisquam. Etincidunt non sed eius labore ipsum dolorem. Non numquam modi numquam dolorem ut. Dolor porro ut velit etincidunt adipisci quisquam eius. Magnam ut labore dolor. Dolor sed etincidunt est quisquam dolore eius porro.', 'new', '2', NULL, '', 'enabled', 000, 0, 000, 0),
(339, 'Bug Report: Benedict', 'Ipsum sit labore dolorem etincidunt tempora velit non. Dolorem dolor eius magnam. Labore eius labore consectetur. Voluptatem adipisci porro est. Tempora dolor numquam adipisci. Non numquam porro amet porro eius quisquam sed. Voluptatem eius sed est voluptatem. Quaerat dolore neque numquam dolore ipsum.', 'new', '2', NULL, '', 'enabled', 000, 0, 000, 0),
(340, 'Bug Report: homily', 'Ipsum labore neque etincidunt. Eius quisquam numquam magnam voluptatem. Labore neque velit dolore neque ut consectetur adipisci. Quaerat aliquam sit magnam neque amet. Adipisci quisquam quaerat adipisci. Aliquam amet ipsum eius sit eius modi. Tempora adipisci magnam tempora voluptatem. Voluptatem aliquam est dolorem ut sit etincidunt ipsum. Neque velit neque est adipisci dolore ipsum.', 'new', '2', NULL, '', 'enabled', 000, 0, 000, 0),
(341, 'Bug Report: brunch', 'Non quisquam labore etincidunt eius labore velit. Dolorem aliquam adipisci porro velit quiquia dolore magnam. Magnam etincidunt sit tempora sed eius modi sit. Est voluptatem modi quisquam dolore dolor magnam. Quisquam numquam non porro porro sit etincidunt. Ut non numquam ipsum velit aliquam neque est. Amet quaerat ut quiquia sed. Quiquia adipisci velit neque quiquia labore. Non adipisci dolorem non etincidunt porro aliquam adipisci. Tempora quiquia ipsum dolore quaerat.', 'new', '2', NULL, '', 'enabled', 000, 0, 000, 0),
(342, 'Bug Report: Winnipeg', 'Quiquia velit est dolor. Tempora non ipsum sed quaerat ut. Sit etincidunt labore modi etincidunt dolore quiquia. Velit dolorem consectetur est modi. Modi consectetur quaerat quiquia. Adipisci quiquia ipsum magnam.', 'new', '1', NULL, '', 'enabled', 000, 0, 000, 0),
(343, 'Bug Report: sheer', 'Porro ut neque amet dolorem velit. Dolore adipisci est aliquam magnam voluptatem. Ipsum ipsum numquam quaerat. Est consectetur quaerat dolor adipisci sed consectetur. Quiquia quiquia eius ipsum quaerat. Magnam quaerat modi sed dolor quiquia. Etincidunt aliquam sit sed non labore. Amet dolor quiquia neque neque consectetur.', 'new', '1', NULL, '', 'enabled', 000, 0, 000, 0),
(344, 'Bug Report: obsolete', 'Numquam sit aliquam quisquam. Dolore dolore porro tempora amet dolor. Eius quiquia modi neque sed sit dolorem. Amet non dolore velit magnam ipsum labore. Est dolore dolore tempora tempora. Quaerat quisquam magnam quiquia neque ipsum. Voluptatem aliquam ipsum etincidunt sed velit.', 'new', '3', NULL, '', 'enabled', 000, 0, 000, 0),
(345, 'Bug Report: midget', 'Labore quisquam numquam velit labore neque sit. Sit dolor quaerat est. Velit dolore labore numquam. Quiquia magnam labore est magnam velit non velit. Voluptatem numquam voluptatem quaerat.', 'new', '3', NULL, '', 'enabled', 000, 0, 000, 0),
(346, 'Bug Report: Barrington', 'Tempora tempora voluptatem sit est ut. Sed porro non ipsum voluptatem. Magnam voluptatem adipisci magnam consectetur modi. Non labore etincidunt magnam porro labore. Modi tempora ut dolore quiquia ipsum. Velit aliquam voluptatem voluptatem consectetur tempora.', 'new', '3', NULL, '', 'enabled', 000, 0, 000, 0),
(347, 'Bug Report: throng', 'Sit quaerat ipsum quaerat est velit consectetur numquam. Consectetur dolore etincidunt voluptatem est sed. Dolorem est eius aliquam quaerat velit labore porro. Quaerat eius consectetur sed ut aliquam. Amet dolor sit non etincidunt modi. Ipsum adipisci magnam magnam velit amet velit.', 'new', '1', NULL, '', 'enabled', 000, 0, 000, 0),
(348, 'Bug Report: nudibranch', 'Sit quisquam ut quisquam neque dolor modi sit. Neque eius ut ut magnam magnam. Numquam dolor voluptatem eius. Adipisci quisquam velit tempora sit quaerat etincidunt. Neque non velit porro est quisquam quisquam. Quisquam porro ipsum dolore. Modi adipisci velit dolor dolor ut labore tempora. Modi est magnam voluptatem quiquia ipsum aliquam. Dolorem dolorem numquam tempora. Aliquam quiquia adipisci dolorem velit voluptatem neque amet.', 'new', '2', NULL, '', 'enabled', 000, 0, 000, 0),
(349, 'Bug Report: dissuade', 'Ut numquam quisquam quiquia. Porro neque dolore neque dolorem aliquam dolore sed. Dolorem numquam dolor modi quaerat amet non. Sit adipisci numquam dolor velit quiquia. Modi non dolor modi quiquia eius. Quiquia modi labore numquam est quisquam. Quaerat modi ipsum porro est eius. Labore neque tempora ut ut aliquam sit.', 'new', '2', NULL, '', 'enabled', 000, 0, 000, 0),
(350, 'Bug Report: parley', 'Dolore eius labore eius dolorem amet. Modi consectetur est consectetur voluptatem quisquam. Ut eius quiquia adipisci dolor amet. Modi dolorem sed ipsum voluptatem dolor numquam quaerat. Aliquam dolore est numquam aliquam labore voluptatem sit. Magnam voluptatem labore quiquia porro. Sed eius neque magnam velit. Non adipisci consectetur labore numquam. Ipsum quisquam modi dolore velit tempora modi adipisci. Ut labore quiquia numquam labore ut est dolore.', 'new', '1', NULL, '', 'enabled', 000, 0, 000, 0),
(351, 'Bug Report: escadrille', 'Quiquia sed numquam eius ut. Voluptatem velit est neque magnam dolor consectetur voluptatem. Dolor tempora dolor quisquam dolorem voluptatem magnam quisquam. Dolor porro dolor quaerat amet amet. Dolor numquam amet quiquia. Dolore voluptatem dolore adipisci tempora dolor ipsum dolor. Numquam quaerat neque ut ipsum. Ipsum dolorem ipsum porro quiquia quisquam quaerat quiquia. Non etincidunt non neque velit etincidunt.', 'new', '3', NULL, '', 'enabled', 000, 0, 000, 0),
(352, 'Bug Report: stillbirth', 'Amet sit etincidunt numquam dolore ut. Velit ut dolore quaerat adipisci modi modi. Ut magnam numquam modi magnam non. Non quisquam dolore etincidunt aliquam magnam. Dolore porro voluptatem est non eius sit.', 'new', '3', NULL, '', 'enabled', 000, 0, 000, 0),
(353, 'Bug Report: copulate', 'Tempora etincidunt eius adipisci quiquia. Dolor numquam quisquam tempora amet magnam voluptatem. Quisquam adipisci amet voluptatem porro ipsum modi. Neque velit voluptatem quiquia. Sed modi labore voluptatem eius dolore voluptatem. Etincidunt dolorem ipsum quaerat labore neque dolor. Magnam non sed sed. Voluptatem quaerat quiquia adipisci adipisci. Neque non eius ipsum magnam tempora amet sed.', 'new', '1', NULL, '', 'enabled', 000, 0, 000, 0),
(354, 'Bug Report: conference', 'Quaerat ut dolorem magnam quisquam dolor sit dolor. Eius adipisci quisquam est. Aliquam non tempora consectetur dolore quiquia modi. Dolore numquam consectetur sed. Neque etincidunt consectetur adipisci dolore.', 'new', '2', NULL, '', 'enabled', 000, 0, 000, 0),
(355, 'Bug Report: cemetery', 'Amet aliquam numquam non consectetur sed sit etincidunt. Voluptatem sed sed sed. Sit quaerat dolorem quiquia dolor sed voluptatem consectetur. Amet consectetur sed sed. Sit eius tempora tempora labore dolor. Dolore magnam aliquam dolore magnam aliquam labore etincidunt. Quisquam labore eius quiquia quiquia. Ipsum eius consectetur est consectetur quisquam dolore dolor. Numquam etincidunt adipisci dolore. Numquam ut magnam neque.', 'new', '2', NULL, '', 'enabled', 000, 0, 000, 0),
(356, 'Bug Report: swingy', 'Porro velit sed quiquia aliquam. Sit velit ipsum sit non voluptatem velit. Ipsum amet aliquam labore porro magnam. Tempora dolore tempora etincidunt labore voluptatem. Tempora sit sed sit est eius sed. Velit ipsum est eius adipisci. Ut quaerat amet labore non numquam dolorem amet. Est est ipsum dolor sit porro. Labore sit etincidunt quisquam est ut. Velit quisquam ut sit.', 'new', '3', NULL, '', 'enabled', 000, 0, 000, 0),
(357, 'Bug Report: backpedal', 'Neque modi modi ut. Consectetur voluptatem dolor velit dolor est. Quisquam eius tempora etincidunt numquam consectetur sit magnam. Adipisci tempora dolore quaerat voluptatem. Ut tempora sed consectetur neque non aliquam. Magnam etincidunt non dolorem voluptatem. Quisquam ut dolor amet aliquam voluptatem est quiquia. Eius quisquam etincidunt ut consectetur. Labore porro dolore est est.', 'new', '1', NULL, '', 'enabled', 000, 0, 000, 0),
(358, 'Bug Report: marksmen', 'Quiquia aliquam eius porro modi quaerat quiquia. Porro ipsum consectetur velit labore amet quiquia. Quiquia amet sed numquam numquam. Sed quiquia sit est. Modi numquam quiquia magnam. Etincidunt modi dolor labore quisquam ipsum ut. Sit modi ut voluptatem dolorem. Aliquam numquam numquam aliquam. Adipisci adipisci etincidunt labore dolor sed.', 'new', '3', NULL, '', 'enabled', 000, 0, 000, 0),
(359, 'Bug Report: guilt', 'Dolorem velit tempora tempora. Aliquam quiquia modi velit. Porro ut ut adipisci ipsum tempora modi quiquia. Ipsum etincidunt sit ipsum consectetur tempora. Magnam tempora aliquam sit etincidunt numquam porro labore. Voluptatem ipsum quiquia est non.', 'new', '1', NULL, '', 'enabled', 000, 0, 000, 0),
(360, 'Bug Report: Rufus', 'Amet dolorem eius aliquam. Velit quisquam porro quiquia numquam dolor neque dolor. Adipisci ipsum ipsum sit labore. Amet tempora dolor modi ipsum voluptatem quiquia non. Sit ipsum eius modi magnam ipsum ut ipsum. Quisquam consectetur consectetur porro adipisci sed dolorem consectetur.', 'new', '3', NULL, '', 'enabled', 000, 0, 000, 0),
(361, 'Bug Report: lackey', 'Quiquia amet numquam quaerat amet. Tempora quiquia labore non. Quaerat adipisci voluptatem sit. Ipsum modi sit neque adipisci ipsum labore eius. Quiquia quiquia labore est ipsum velit amet dolore. Adipisci dolor dolorem quisquam eius dolore labore.', 'new', '2', NULL, '', 'enabled', 000, 0, 000, 0),
(362, 'Bug Report: description', 'Eius adipisci magnam eius amet consectetur quaerat. Quaerat quaerat consectetur amet. Quiquia modi amet etincidunt sit aliquam. Magnam eius quaerat velit. Quisquam velit eius numquam amet adipisci velit. Porro consectetur quaerat adipisci velit. Quisquam adipisci est est dolorem. Porro ut quaerat dolore est aliquam ut. Numquam labore aliquam dolorem porro non.', 'new', '1', NULL, '', 'enabled', 000, 0, 000, 0),
(363, 'Bug Report: fetus', 'Porro tempora aliquam est velit. Neque quaerat adipisci magnam dolor est. Sit dolore sit non. Amet labore ipsum dolore dolore. Est consectetur est dolor dolorem. Modi quaerat eius etincidunt modi velit dolore.', 'new', '1', NULL, '', 'enabled', 000, 0, 000, 0),
(364, 'Bug Report: fantasia', 'Dolore velit est labore eius non. Ipsum quisquam porro ipsum velit. Tempora est ut eius. Dolore velit voluptatem sit. Velit dolorem amet velit modi dolorem dolor. Quiquia velit consectetur modi etincidunt dolor quiquia quaerat. Ut adipisci dolore dolore labore tempora labore. Labore quiquia neque etincidunt quisquam quaerat consectetur. Dolore adipisci dolor magnam quiquia sed voluptatem non. Porro est voluptatem est numquam porro porro.', 'new', '1', NULL, '', 'enabled', 000, 0, 000, 0),
(365, 'Bug Report: territorial', 'Dolor adipisci modi porro. Sed porro amet tempora dolore. Non consectetur est consectetur tempora tempora labore non. Quiquia adipisci etincidunt magnam etincidunt. Labore modi consectetur aliquam quisquam. Consectetur dolorem neque magnam ipsum dolor est neque. Sed est dolor aliquam est numquam est. Amet consectetur est modi porro adipisci eius neque. Consectetur consectetur ut labore ut neque etincidunt quiquia.', 'new', '1', NULL, '', 'enabled', 000, 0, 000, 0),
(366, 'Bug Report: tour', 'Magnam dolore neque aliquam etincidunt aliquam sed dolore. Labore adipisci numquam amet etincidunt amet. Voluptatem non eius quaerat neque amet ipsum. Porro magnam magnam quaerat magnam tempora voluptatem. Est voluptatem modi quisquam neque voluptatem sed. Quisquam eius consectetur numquam. Ut neque eius etincidunt adipisci aliquam sed. Quisquam modi quisquam quiquia dolore est est sit. Quaerat dolore dolor porro tempora.', 'new', '3', NULL, '', 'enabled', 000, 0, 000, 0),
(367, 'Bug Report: Gary', 'Voluptatem amet non ipsum. Porro voluptatem ipsum velit quisquam quaerat. Eius velit sit adipisci. Sit ut labore amet dolore porro quisquam. Adipisci neque dolorem modi aliquam.', 'new', '1', NULL, '', 'enabled', 000, 0, 000, 0),
(368, 'Bug Report: shell', 'Etincidunt eius dolore modi. Sit tempora aliquam ut ipsum ipsum labore magnam. Aliquam sit neque voluptatem velit. Quiquia est adipisci tempora. Dolore voluptatem dolor modi aliquam. Quiquia modi dolore ipsum velit dolor. Aliquam non aliquam aliquam quiquia est.', 'new', '2', NULL, '', 'enabled', 000, 0, 000, 0),
(369, 'Bug Report: purveyor', 'Tempora etincidunt etincidunt ipsum quaerat. Quisquam dolore neque ut voluptatem. Est ipsum dolorem dolorem magnam eius. Adipisci labore magnam velit. Modi aliquam ipsum modi dolore quiquia ipsum. Voluptatem ut tempora non numquam labore. Modi consectetur eius etincidunt modi aliquam ut.', 'new', '2', NULL, '', 'enabled', 000, 0, 000, 0),
(370, 'Bug Report: Varitype', 'Dolorem adipisci adipisci amet magnam. Est sed dolor porro ipsum ipsum labore est. Voluptatem modi aliquam etincidunt quaerat sed amet eius. Aliquam dolore velit labore amet. Ut tempora ipsum etincidunt sed dolor. Dolore non numquam modi ipsum adipisci.', 'new', '2', NULL, '', 'enabled', 000, 0, 000, 0),
(371, 'Bug Report: selfish', 'Non dolor dolore ipsum non. Sit quaerat amet velit tempora. Quisquam ut sed dolorem. Tempora quiquia aliquam etincidunt eius modi consectetur. Ut ipsum modi non.', 'new', '1', NULL, '', 'enabled', 000, 0, 000, 0),
(372, 'Bug Report: hundredth', 'Neque magnam est dolore porro est ut. Quaerat neque velit ut modi. Quisquam eius quisquam dolore numquam consectetur magnam. Quaerat consectetur numquam etincidunt est adipisci. Tempora dolorem adipisci sed. Tempora consectetur dolorem ipsum quaerat voluptatem quisquam. Consectetur velit modi voluptatem. Aliquam aliquam modi velit dolor modi quisquam. Dolore amet quaerat labore. Amet eius etincidunt sit etincidunt numquam ut est.', 'new', '2', NULL, '', 'enabled', 000, 0, 000, 0),
(373, 'Bug Report: extant', 'Labore quiquia dolorem dolorem velit. Magnam eius ut adipisci non tempora. Non tempora etincidunt eius ipsum. Neque ut labore ipsum adipisci neque. Velit non adipisci est sit.', 'new', '1', NULL, '', 'enabled', 000, 0, 000, 0),
(374, 'Bug Report: uppermost', 'Magnam quisquam ut porro ipsum dolorem quiquia numquam. Dolor amet labore eius ipsum. Labore adipisci est dolorem est. Quiquia voluptatem dolorem porro. Aliquam modi quaerat labore etincidunt etincidunt.', 'new', '2', NULL, '', 'enabled', 000, 0, 000, 0),
(375, 'Bug Report: venerable', 'Non aliquam tempora ut. Porro quiquia adipisci dolorem numquam velit dolor quisquam. Dolor etincidunt est dolore amet. Modi modi numquam aliquam eius magnam. Amet eius quaerat sit consectetur amet.', 'new', '1', NULL, '', 'enabled', 000, 0, 000, 0),
(376, 'Bug Report: brim', 'Non quiquia etincidunt ipsum. Numquam magnam quaerat quisquam dolore. Sed est porro neque consectetur dolorem. Adipisci eius ipsum modi dolor aliquam. Magnam est ut amet quiquia. Voluptatem sed sit quiquia dolor. Eius quiquia numquam numquam quaerat dolor labore. Quiquia voluptatem neque magnam. Quiquia dolorem sed ipsum. Aliquam sed magnam tempora adipisci.', 'new', '3', NULL, '', 'enabled', 000, 0, 000, 0),
(377, 'Bug Report: rue', 'Velit labore sed neque etincidunt dolore. Etincidunt etincidunt neque tempora dolorem adipisci. Non porro dolore eius est ipsum modi. Dolor quisquam porro aliquam. Porro modi aliquam dolore magnam labore. Quisquam tempora quiquia etincidunt.', 'new', '1', NULL, '', 'enabled', 000, 0, 000, 0),
(378, 'Bug Report: stannic', 'Quiquia magnam ipsum dolore. Quisquam ipsum consectetur sed quaerat quaerat. Non est numquam dolor eius voluptatem velit voluptatem. Sed ut quisquam sed quisquam amet porro. Numquam tempora eius velit. Eius quaerat consectetur magnam consectetur sed. Ipsum labore labore adipisci ipsum. Dolor eius ut tempora magnam.', 'new', '3', NULL, '', 'enabled', 000, 0, 000, 0),
(379, 'Bug Report: deceive', 'Labore neque dolor quisquam ipsum consectetur tempora etincidunt. Aliquam dolor sit modi sed labore. Non etincidunt quisquam neque ut velit dolore adipisci. Consectetur modi consectetur tempora est. Sit labore ut aliquam. Voluptatem quisquam porro eius sed. Non neque modi tempora.', 'new', '1', NULL, '', 'enabled', 000, 0, 000, 0),
(380, 'Bug Report: Legendre', 'Dolor dolorem velit neque. Adipisci ut sed adipisci consectetur quaerat. Voluptatem sit quaerat neque dolore magnam etincidunt consectetur. Porro etincidunt labore neque modi neque porro. Quisquam quisquam non aliquam eius eius numquam ut. Magnam dolorem velit sed.', 'new', '1', NULL, '', 'enabled', 000, 0, 000, 0),
(381, 'Bug Report: giddy', 'Modi est eius ut velit modi dolor dolorem. Quaerat dolor aliquam quiquia neque tempora magnam. Consectetur dolorem modi quaerat. Ut quaerat dolore ipsum adipisci labore etincidunt. Etincidunt labore consectetur etincidunt etincidunt etincidunt magnam. Magnam quisquam quisquam sit dolore dolor aliquam tempora. Ut quiquia quisquam tempora numquam quaerat sed dolor. Etincidunt quaerat numquam ipsum quaerat modi.', 'new', '1', NULL, '', 'enabled', 000, 0, 000, 0),
(382, 'Bug Report: deuterate', 'Sit numquam adipisci sit est ut tempora. Modi labore voluptatem quisquam ut dolor est dolor. Tempora voluptatem velit ipsum dolor. Neque dolore quaerat numquam non. Labore dolorem est quisquam etincidunt. Velit eius porro dolore non dolore eius. Voluptatem quiquia amet est sit tempora dolorem.', 'new', '3', NULL, '', 'enabled', 000, 0, 000, 0),
(383, 'Bug Report: afterbirth', 'Est non adipisci modi. Etincidunt amet labore quaerat. Magnam porro quisquam aliquam eius est. Dolor amet dolore magnam quisquam modi quiquia. Neque magnam sit magnam sed.', 'new', '3', NULL, '', 'enabled', 000, 0, 000, 0),
(384, 'Bug Report: purify', 'Sed sed sed quiquia voluptatem. Quisquam velit dolor dolore ut tempora aliquam velit. Aliquam amet quaerat quaerat amet ipsum. Neque dolorem sit eius. Quisquam velit ut quaerat sit. Consectetur sit sed aliquam tempora. Quaerat non ipsum tempora. Eius aliquam etincidunt dolore sed quaerat voluptatem ipsum.', 'new', '2', NULL, '', 'enabled', 000, 0, 000, 0),
(385, 'Bug Report: convulse', 'Porro magnam sed quiquia tempora est porro dolore. Sed neque est numquam quiquia voluptatem numquam. Sit sit numquam consectetur ut sit non aliquam. Quiquia magnam dolor numquam. Dolor dolor labore modi dolorem magnam tempora. Etincidunt sed ut porro.', 'new', '2', NULL, '', 'enabled', 000, 0, 000, 0),
(386, 'Bug Report: amity', 'Dolorem etincidunt neque modi velit. Ut voluptatem numquam porro voluptatem dolorem ut. Porro ut neque adipisci sed amet tempora. Etincidunt eius sed adipisci dolorem. Velit adipisci aliquam neque quaerat. Amet quiquia eius consectetur sit. Dolor labore ut dolore consectetur adipisci sed labore. Magnam dolore sed adipisci. Ut numquam dolorem sit modi ipsum amet.', 'new', '1', NULL, '', 'enabled', 000, 0, 000, 0),
(387, 'Bug Report: zest', 'Numquam magnam quisquam dolor. Eius numquam ipsum dolore. Est labore ut neque labore. Sit quiquia ut dolore amet quaerat neque. Tempora labore dolor amet. Quiquia amet ut dolor quisquam quaerat magnam. Non dolorem amet velit etincidunt quiquia consectetur neque. Porro quiquia aliquam porro adipisci eius non. Modi neque velit consectetur sed dolor numquam.', 'new', '3', NULL, '', 'enabled', 000, 0, 000, 0),
(388, 'Bug Report: offshore', 'Consectetur ut tempora quisquam consectetur. Numquam ut porro consectetur. Ut sed est quisquam dolore voluptatem dolore sit. Aliquam amet dolorem ut dolorem adipisci sed quisquam. Magnam tempora modi ut. Labore consectetur sed sed eius. Porro est voluptatem aliquam porro dolor dolore numquam.', 'new', '2', NULL, '', 'enabled', 000, 0, 000, 0),
(389, 'Bug Report: yow', 'Velit sit quisquam dolor quaerat ipsum magnam porro. Ipsum quisquam magnam eius amet ut. Quisquam etincidunt aliquam sit dolor. Magnam numquam ipsum labore. Quaerat dolore magnam adipisci. Ut voluptatem numquam numquam ut numquam quiquia numquam. Est sit porro quiquia ut. Quiquia ut dolor labore numquam.', 'new', '3', NULL, '', 'enabled', 000, 0, 000, 0),
(390, 'Bug Report: Dunedin', 'Tempora dolore ut ut modi. Amet est labore aliquam eius modi consectetur aliquam. Ipsum numquam eius quisquam ut est modi. Etincidunt dolor non modi porro quaerat quiquia. Numquam ut quisquam est tempora dolore amet quisquam. Neque voluptatem tempora velit dolorem velit aliquam dolore. Consectetur magnam quiquia tempora velit neque etincidunt consectetur.', 'new', '1', NULL, '', 'enabled', 000, 0, 000, 0),
(391, 'Bug Report: Sampson', 'Porro sed tempora quiquia amet velit ut. Etincidunt aliquam porro dolore consectetur voluptatem sit eius. Velit ipsum ipsum amet quisquam dolor non ipsum. Dolore consectetur aliquam modi aliquam dolor. Dolore magnam ipsum labore ut quaerat quiquia amet. Amet neque voluptatem ut tempora numquam eius. Quisquam quaerat magnam modi neque. Sit dolore dolore est.', 'new', '2', NULL, '', 'enabled', 000, 0, 000, 0),
(392, 'Bug Report: sylvan', 'Quisquam dolorem neque dolor. Adipisci tempora sit dolore numquam dolorem. Dolore est est non consectetur quiquia ipsum. Sit ipsum sit velit porro numquam velit est. Quiquia amet dolorem tempora porro consectetur aliquam ipsum.', 'new', '2', NULL, '', 'enabled', 000, 0, 000, 0),
(393, 'Bug Report: ginmill', 'Amet labore dolore neque. Eius adipisci aliquam non. Quaerat etincidunt sed ut aliquam. Magnam amet dolorem dolorem quisquam tempora velit adipisci. Numquam quiquia quisquam aliquam non. Dolorem ut dolorem quisquam. Eius quaerat quaerat velit quisquam dolore numquam tempora. Etincidunt magnam quiquia ipsum sed consectetur etincidunt consectetur.', 'new', '1', NULL, '', 'enabled', 000, 0, 000, 0),
(394, 'Bug Report: errata', 'Adipisci quaerat numquam porro etincidunt tempora etincidunt sed. Dolore ipsum amet consectetur modi. Quisquam porro est modi velit. Tempora quisquam dolor numquam est. Aliquam labore numquam quisquam.', 'new', '2', NULL, '', 'enabled', 000, 0, 000, 0),
(395, 'Bug Report: debauch', 'Quiquia quisquam modi quaerat quiquia quiquia sit etincidunt. Dolorem voluptatem dolore consectetur sed est. Velit consectetur porro est sed magnam consectetur sit. Dolorem dolorem neque dolor. Magnam sed dolor eius aliquam eius sit dolorem.', 'new', '3', NULL, '', 'enabled', 000, 0, 000, 0),
(396, 'Bug Report: Laughlin', 'Voluptatem modi neque dolore adipisci. Quiquia amet velit ipsum. Sed ipsum labore labore aliquam sed. Tempora consectetur velit quiquia adipisci. Eius quisquam est non labore. Voluptatem voluptatem dolor non labore modi quisquam numquam. Non est adipisci ipsum porro porro non dolor. Eius numquam quiquia amet quiquia sit. Dolor amet amet tempora quaerat sed consectetur dolorem. Sit non eius tempora velit.', 'new', '1', NULL, '', 'enabled', 000, 0, 000, 0),
(397, 'Bug Report: Steinberg', 'Labore tempora porro quisquam. Labore non dolorem labore. Quiquia labore sed numquam eius. Quaerat quisquam modi consectetur porro. Tempora dolorem dolorem magnam neque numquam eius adipisci. Tempora ipsum neque aliquam aliquam non quaerat. Aliquam sed modi magnam neque dolorem magnam.', 'new', '3', NULL, '', 'enabled', 000, 0, 000, 0),
(398, 'Bug Report: symposia', 'Adipisci dolor amet aliquam est. Eius est etincidunt magnam quisquam sed quisquam. Adipisci adipisci amet sed. Ut tempora voluptatem eius ipsum voluptatem. Aliquam ipsum quiquia etincidunt non porro. Quisquam non neque quisquam.', 'new', '3', NULL, '', 'enabled', 000, 0, 000, 0),
(399, 'Bug Report: Novosibirsk', 'Ut voluptatem velit neque velit consectetur ut voluptatem. Etincidunt aliquam sit amet ut labore. Non modi consectetur sed porro non numquam. Etincidunt magnam dolorem modi porro ut aliquam voluptatem. Neque est dolorem sit non dolor consectetur.', 'new', '2', NULL, '', 'enabled', 000, 0, 000, 0),
(400, 'Bug Report: Donner', 'Dolorem consectetur voluptatem dolore dolor dolore. Quiquia ut dolore tempora est sed est. Labore sed porro tempora sed neque. Dolorem etincidunt amet dolor eius adipisci. Ipsum consectetur non ut magnam etincidunt adipisci quaerat. Magnam labore etincidunt dolor.', 'new', '1', NULL, '', 'enabled', 000, 0, 000, 0),
(401, 'Bug Report: pageant', 'Magnam amet dolore consectetur. Labore dolore voluptatem dolor quisquam labore. Ipsum dolorem neque magnam etincidunt eius quiquia. Tempora velit dolore numquam. Magnam voluptatem amet sit amet. Voluptatem dolor quisquam numquam quisquam amet eius. Non etincidunt labore eius ut quiquia labore voluptatem. Dolorem quisquam voluptatem aliquam consectetur.', 'new', '2', NULL, '', 'enabled', 000, 0, 000, 0),
(402, 'Bug Report: residuary', 'Ipsum etincidunt eius magnam consectetur modi dolorem ipsum. Neque dolorem porro sed dolor consectetur quaerat. Voluptatem adipisci eius adipisci sit aliquam. Numquam sit tempora amet est. Tempora eius ipsum amet quisquam. Magnam consectetur aliquam quiquia etincidunt numquam porro sed. Eius dolore consectetur magnam quisquam.', 'new', '2', NULL, '', 'enabled', 000, 0, 000, 0),
(403, 'Bug Report: equilibrium', 'Quisquam adipisci dolore dolore. Quaerat quiquia ut dolor. Magnam etincidunt est voluptatem velit velit consectetur. Aliquam non non non dolorem. Consectetur quisquam tempora quaerat non labore ut amet. Etincidunt consectetur consectetur quaerat voluptatem. Aliquam etincidunt dolor tempora modi labore non sed. Neque voluptatem consectetur adipisci est amet.', 'new', '2', NULL, '', 'enabled', 000, 0, 000, 0),
(404, 'Bug Report: cartwheel', 'Voluptatem sit numquam non numquam. Tempora magnam aliquam consectetur eius non ipsum consectetur. Etincidunt sed est adipisci est dolore eius dolorem. Modi labore ut ipsum sed sit aliquam est. Ut ipsum velit dolore labore.', 'new', '3', NULL, '', 'enabled', 000, 0, 000, 0),
(405, 'Bug Report: dual', 'Numquam adipisci porro est voluptatem amet. Tempora aliquam neque adipisci modi voluptatem ipsum. Neque quisquam amet ipsum non neque porro. Ut ipsum aliquam quaerat amet labore magnam. Quaerat dolor consectetur sed consectetur dolore. Labore est ipsum consectetur amet non modi. Adipisci neque quaerat quiquia quiquia amet magnam modi. Sit non sit labore eius est.', 'new', '2', NULL, '', 'enabled', 000, 0, 000, 0),
(406, 'Bug Report: instinctual', 'Dolor dolore velit dolore sit. Dolorem non neque velit dolore consectetur quaerat. Ut neque consectetur ipsum sed dolorem labore consectetur. Non etincidunt ut porro. Numquam est velit magnam modi dolore quaerat. Sit quaerat voluptatem dolorem. Neque neque adipisci quaerat dolorem dolor. Consectetur voluptatem est aliquam amet dolorem numquam. Adipisci numquam dolore ipsum velit. Consectetur consectetur magnam dolore consectetur sed.', 'new', '3', NULL, '', 'enabled', 000, 0, 000, 0),
(407, 'Bug Report: gaillardia', 'Velit quisquam porro magnam quisquam neque amet. Aliquam modi dolore quiquia quisquam velit. Quisquam dolorem voluptatem dolore adipisci dolor dolor voluptatem. Voluptatem eius aliquam dolore quiquia quisquam tempora. Quaerat quiquia ut dolore quisquam ipsum.', 'new', '2', NULL, '', 'enabled', 000, 0, 000, 0),
(408, 'Bug Report: airfield', 'Eius sit dolorem aliquam velit magnam labore. Quaerat numquam quisquam quaerat est quisquam eius velit. Aliquam dolor velit dolor numquam est dolor sit. Eius velit dolorem ut voluptatem dolorem adipisci. Dolorem consectetur eius quisquam labore. Aliquam voluptatem quiquia consectetur porro est tempora quiquia. Amet magnam sit non non.', 'new', '2', NULL, '', 'enabled', 000, 0, 000, 0),
(409, 'Bug Report: Mercedes', 'Adipisci dolorem modi non dolor consectetur est. Eius porro quaerat dolorem consectetur amet quiquia dolorem. Magnam aliquam eius non non. Sit quisquam sed aliquam. Ut amet labore etincidunt aliquam dolorem sit. Velit est neque aliquam. Tempora non eius non adipisci modi ut. Sit numquam quisquam voluptatem.', 'new', '2', NULL, '', 'enabled', 000, 0, 000, 0),
(410, 'Bug Report: tattletale', 'Sed sed etincidunt ipsum adipisci velit labore quiquia. Porro quisquam tempora adipisci quisquam modi. Sed labore numquam dolore ut non labore numquam. Numquam quisquam aliquam neque numquam aliquam quaerat. Consectetur velit non labore consectetur est modi dolore. Tempora amet amet ipsum. Magnam aliquam ipsum est modi consectetur est.', 'new', '2', NULL, '', 'enabled', 000, 0, 000, 0),
(411, 'Bug Report: scrimmage', 'Quiquia aliquam porro modi labore porro quisquam tempora. Dolore ut aliquam quaerat tempora. Neque dolor sed aliquam dolore aliquam. Aliquam sit sed ut eius neque dolorem. Voluptatem sed sed ipsum quisquam amet. Dolorem numquam sed non numquam numquam voluptatem.', 'new', '1', NULL, '', 'enabled', 000, 0, 000, 0),
(412, 'Bug Report: interrogatory', 'Sed eius tempora non magnam tempora sed. Amet velit non non voluptatem etincidunt. Consectetur amet modi dolore est eius. Modi magnam dolorem ipsum magnam dolore sed quiquia. Labore porro labore numquam neque neque est dolore. Dolorem dolor eius etincidunt. Ut adipisci quaerat adipisci consectetur. Velit consectetur modi dolorem etincidunt.', 'new', '1', NULL, '', 'enabled', 000, 0, 000, 0),
(413, 'Bug Report: vivify', 'Dolorem ipsum sit numquam quisquam sit non. Labore eius sit eius dolorem quiquia ipsum ut. Magnam porro numquam porro consectetur neque porro sit. Consectetur quiquia modi dolorem ipsum. Modi voluptatem voluptatem aliquam dolore.', 'new', '1', NULL, '', 'enabled', 000, 0, 000, 0),
(414, 'Bug Report: Miles', 'Dolorem neque eius modi tempora. Porro quisquam neque sed quaerat sed. Est ut labore adipisci neque. Voluptatem etincidunt voluptatem eius velit sit. Labore labore magnam ut etincidunt quaerat quaerat. Labore ut dolor sed quiquia consectetur voluptatem. Voluptatem etincidunt adipisci adipisci dolor labore neque. Ut modi dolore ut adipisci consectetur amet. Dolorem dolorem quaerat consectetur neque non eius.', 'new', '1', NULL, '', 'enabled', 000, 0, 000, 0),
(415, 'Bug Report: Bragg', 'Eius non ipsum velit. Modi neque dolore porro magnam. Dolor ipsum neque voluptatem. Sed modi voluptatem labore quisquam. Amet aliquam etincidunt neque modi aliquam voluptatem dolor. Ut etincidunt tempora consectetur sed. Consectetur non etincidunt non adipisci.', 'new', '1', NULL, '', 'enabled', 000, 0, 000, 0),
(416, 'Bug Report: cognoscenti', 'Neque modi consectetur voluptatem est adipisci quisquam. Ut neque voluptatem non. Sit etincidunt sit tempora magnam dolore sit. Non voluptatem quisquam amet voluptatem etincidunt ipsum consectetur. Sed dolore amet etincidunt numquam dolorem porro sed.', 'new', '3', NULL, '', 'enabled', 000, 0, 000, 0),
(417, 'Bug Report: annulled', 'Aliquam quaerat sed voluptatem quaerat adipisci quiquia ut. Est numquam quaerat velit sed voluptatem. Modi etincidunt tempora voluptatem dolor non. Labore voluptatem tempora porro. Quisquam quiquia modi voluptatem tempora. Quisquam voluptatem quiquia sed magnam. Sed aliquam quaerat etincidunt modi. Aliquam sed non quaerat voluptatem voluptatem eius.', 'new', '2', NULL, '', 'enabled', 000, 0, 000, 0),
(418, 'Bug Report: tapir', 'Etincidunt quaerat sit quisquam amet labore. Eius velit ut est adipisci velit. Consectetur consectetur sed dolor. Est est modi voluptatem neque sed dolore amet. Sit dolorem numquam velit non eius modi.', 'new', '2', NULL, '', 'enabled', 000, 0, 000, 0),
(419, 'Bug Report: Carlin', 'Etincidunt sed tempora dolore. Non sit magnam voluptatem. Amet neque tempora consectetur aliquam quisquam. Modi sed quiquia sed est. Sed non aliquam dolorem voluptatem. Velit etincidunt etincidunt etincidunt etincidunt quisquam est eius. Quiquia non numquam consectetur. Quisquam modi numquam magnam amet labore dolore tempora.', 'new', '3', NULL, '', 'enabled', 000, 0, 000, 0),
(420, 'Bug Report: alveolus', 'Porro dolore magnam ipsum. Porro sed ipsum neque quiquia amet voluptatem amet. Quaerat consectetur quaerat sed non tempora dolor. Ipsum adipisci dolorem est velit eius dolorem. Modi neque numquam aliquam sit est ut. Ipsum adipisci sed velit est. Eius ipsum ipsum porro voluptatem. Quaerat dolorem dolor adipisci quiquia voluptatem dolor porro.', 'new', '3', NULL, '', 'enabled', 000, 0, 000, 0),
(421, 'Bug Report: supercilious', 'Sed labore dolor voluptatem. Adipisci amet numquam aliquam porro ut adipisci amet. Quisquam dolorem amet dolore voluptatem non ut. Quiquia etincidunt modi labore dolore labore numquam adipisci. Dolor velit etincidunt est modi porro quaerat. Sed non dolorem etincidunt etincidunt quaerat.', 'new', '3', NULL, '', 'enabled', 000, 0, 000, 0),
(422, 'Bug Report: warble', 'Quaerat labore eius velit. Tempora consectetur modi est ut. Non eius ut eius numquam. Est ipsum labore velit non quaerat sit non. Ut labore quisquam quisquam amet neque. Sed magnam tempora eius.', 'new', '3', NULL, '', 'enabled', 000, 0, 000, 0),
(423, 'Bug Report: marquis', 'Voluptatem labore non non neque est velit. Non dolor consectetur dolore quisquam. Ipsum adipisci amet ut tempora tempora tempora. Non etincidunt dolorem quiquia sit. Adipisci consectetur neque est porro dolore quisquam magnam. Modi modi quisquam non neque quiquia velit eius. Magnam magnam consectetur ipsum porro ipsum. Labore eius ut sit numquam aliquam. Voluptatem modi ut voluptatem est labore. Non quisquam amet numquam dolor dolorem.', 'new', '2', NULL, '', 'enabled', 000, 0, 000, 0),
(424, 'Bug Report: corsage', 'Aliquam adipisci consectetur dolorem dolor est numquam. Non numquam quaerat amet magnam modi magnam. Eius etincidunt magnam labore ut. Ipsum magnam est sed numquam dolor. Porro ut voluptatem non eius velit aliquam quisquam. Etincidunt porro magnam ut adipisci eius numquam sed.', 'new', '1', NULL, '', 'enabled', 000, 0, 000, 0),
(425, 'Bug Report: batwing', 'Ipsum velit quiquia ipsum porro etincidunt. Consectetur quisquam modi ipsum adipisci non. Tempora est voluptatem sit amet non porro dolore. Est voluptatem consectetur amet velit neque tempora. Adipisci porro quisquam labore consectetur. Voluptatem modi neque neque neque quaerat. Aliquam sed etincidunt dolorem amet sed consectetur etincidunt. Etincidunt adipisci labore voluptatem. Consectetur porro quaerat sit. Ipsum sed voluptatem ipsum dolor ipsum.', 'new', '3', NULL, '', 'enabled', 000, 0, 000, 0),
(426, 'Bug Report: covert', 'Magnam ipsum ut sit quaerat tempora. Labore voluptatem adipisci dolorem non eius. Velit porro quiquia quiquia numquam quiquia dolorem quiquia. Dolore tempora amet porro quaerat adipisci dolorem. Ut est labore non adipisci. Magnam ut eius sit consectetur est.', 'new', '2', NULL, '', 'enabled', 000, 0, 000, 0),
(427, 'Bug Report: cymbal', 'Sed porro velit magnam. Neque neque amet modi. Est etincidunt etincidunt modi tempora. Dolorem eius ut dolore dolor non velit porro. Sed numquam ut ipsum dolore aliquam. Eius porro aliquam non.', 'new', '2', NULL, '', 'enabled', 000, 0, 000, 0),
(428, 'Bug Report: shagbark', 'Dolor quaerat ut eius magnam dolorem dolorem. Sit consectetur ipsum ipsum ipsum. Tempora sit labore modi consectetur. Dolore sed porro dolore dolorem labore ipsum. Consectetur etincidunt labore etincidunt dolore. Numquam dolore sit porro consectetur numquam porro. Dolor non est amet labore dolorem. Eius adipisci numquam ipsum amet etincidunt.', 'new', '3', NULL, '', 'enabled', 000, 0, 000, 0),
(429, 'Bug Report: Goode', 'Dolorem quaerat voluptatem consectetur. Consectetur etincidunt velit consectetur porro est dolorem quiquia. Magnam velit modi dolorem. Sit numquam dolore etincidunt. Consectetur quisquam sed quiquia labore voluptatem voluptatem. Quisquam quiquia magnam velit. Consectetur consectetur quisquam amet amet adipisci adipisci. Consectetur quisquam quisquam dolore adipisci adipisci. Amet numquam magnam numquam.', 'new', '2', NULL, '', 'enabled', 000, 0, 000, 0),
(430, 'Bug Report: inalienable', 'Magnam ipsum ipsum ipsum consectetur magnam eius etincidunt. Velit magnam labore dolor. Ipsum modi ipsum sit. Tempora numquam quaerat quaerat. Aliquam quisquam voluptatem amet aliquam quiquia consectetur. Adipisci ut ipsum amet amet.', 'new', '1', NULL, '', 'enabled', 000, 0, 000, 0),
(431, 'Bug Report: bayonet', 'Quisquam aliquam est ut modi dolorem etincidunt voluptatem. Quaerat labore dolorem eius dolore labore est modi. Non quisquam consectetur numquam consectetur etincidunt est. Ipsum amet dolor quaerat aliquam. Tempora consectetur ipsum ut. Sed magnam adipisci labore voluptatem quaerat dolor ut. Tempora quaerat eius neque tempora porro.', 'new', '3', NULL, '', 'enabled', 000, 0, 000, 0),
(432, 'Bug Report: Avon', 'Est non magnam modi sit. Neque modi dolorem quisquam. Tempora quiquia sit voluptatem quaerat tempora amet aliquam. Tempora numquam aliquam est tempora aliquam tempora dolorem. Amet etincidunt magnam dolor tempora sed magnam ut. Labore etincidunt numquam quaerat labore non voluptatem. Quaerat sit non tempora non modi. Voluptatem quiquia neque dolor.', 'new', '1', NULL, '', 'enabled', 000, 0, 000, 0),
(433, 'Bug Report: assuage', 'Porro consectetur adipisci est est. Ipsum dolorem ut adipisci dolor numquam modi eius. Magnam ipsum sed voluptatem numquam tempora ipsum. Amet aliquam etincidunt voluptatem dolorem ut porro. Numquam sed ut aliquam ut. Quisquam voluptatem velit velit. Dolore dolor ipsum non dolore est tempora magnam. Labore neque labore eius ipsum.', 'new', '3', NULL, '', 'enabled', 000, 0, 000, 0),
(434, 'Bug Report: berkelium', 'Labore amet quisquam non. Est sit modi modi adipisci. Tempora est modi dolorem. Eius numquam consectetur porro adipisci amet magnam. Est etincidunt numquam quisquam eius neque. Sed neque quaerat eius aliquam eius.', 'new', '3', NULL, '', 'enabled', 000, 0, 000, 0),
(435, 'Bug Report: tam', 'Aliquam ut dolore velit quaerat consectetur. Velit voluptatem etincidunt tempora quiquia est porro. Eius etincidunt dolorem ipsum sit est quaerat. Amet velit ut numquam modi sit voluptatem voluptatem. Amet ipsum voluptatem magnam dolorem adipisci quaerat non. Non consectetur amet non. Tempora porro eius dolore dolore. Quiquia aliquam ipsum quisquam est magnam. Aliquam voluptatem ut ipsum sed neque sed dolor.', 'new', '1', NULL, '', 'enabled', 000, 0, 000, 0),
(436, 'Bug Report: Mae', 'Adipisci dolor modi porro non sit modi. Adipisci ut sed dolor velit non. Neque tempora consectetur tempora. Magnam non porro magnam. Magnam sit tempora quisquam aliquam. Voluptatem consectetur dolore sit velit tempora. Etincidunt consectetur numquam ipsum eius consectetur. Dolore ut neque sit ut. Voluptatem aliquam labore magnam dolore aliquam sit quisquam. Aliquam amet dolore adipisci ipsum dolorem.', 'new', '3', NULL, '', 'enabled', 000, 0, 000, 0),
(437, 'Bug Report: Hyades', 'Modi magnam amet dolore dolore dolorem labore ut. Etincidunt aliquam quisquam sit labore adipisci. Velit dolor quisquam ipsum adipisci porro eius adipisci. Etincidunt porro amet neque ut. Est amet modi neque eius. Porro numquam quiquia tempora. Quiquia porro etincidunt consectetur eius aliquam. Consectetur velit quisquam tempora est. Non ut etincidunt dolorem quiquia quiquia neque porro.', 'new', '1', NULL, '', 'enabled', 000, 0, 000, 0),
(438, 'Bug Report: quadrilateral', 'Amet quisquam porro velit eius sit. Numquam ipsum dolor tempora consectetur adipisci. Quisquam magnam modi non quaerat. Voluptatem quiquia porro ut sit non eius non. Eius modi dolore voluptatem quisquam. Sit porro sit est modi adipisci. Dolore voluptatem etincidunt est eius dolor sit non. Ut neque porro sit dolore est est. Quiquia labore quiquia neque aliquam. Modi amet etincidunt quaerat.', 'new', '3', NULL, '', 'enabled', 000, 0, 000, 0),
(439, 'Bug Report: Brest', 'Quisquam sed modi numquam est dolore. Quiquia aliquam adipisci velit quiquia dolor ut sed. Ipsum aliquam quiquia est ipsum ut. Sed ipsum tempora eius sed. Aliquam porro etincidunt quaerat magnam. Eius adipisci tempora amet eius labore voluptatem voluptatem. Numquam tempora voluptatem non neque velit consectetur aliquam. Etincidunt aliquam voluptatem voluptatem magnam dolor. Dolorem aliquam non aliquam numquam labore quiquia. Sed quaerat dolor velit numquam consectetur quaerat.', 'new', '2', NULL, '', 'enabled', 000, 0, 000, 0),
(440, 'Bug Report: hireling', 'Velit etincidunt modi labore. Etincidunt quisquam tempora numquam quaerat ut. Eius aliquam non tempora est ipsum dolor. Magnam amet labore dolore numquam magnam. Consectetur neque quiquia amet.', 'new', '3', NULL, '', 'enabled', 000, 0, 000, 0),
(441, 'Bug Report: agronomy', 'Eius eius modi tempora consectetur est. Eius ipsum neque sit. Consectetur quiquia adipisci eius. Eius labore voluptatem ut. Labore ipsum eius quisquam dolore. Velit voluptatem quisquam etincidunt quisquam.', 'new', '1', NULL, '', 'enabled', 000, 0, 000, 0),
(442, 'Bug Report: Biggs', 'Porro dolore quiquia etincidunt ipsum labore voluptatem. Amet voluptatem voluptatem voluptatem labore aliquam numquam. Eius consectetur tempora tempora neque. Sit numquam porro velit dolor. Etincidunt etincidunt velit dolorem. Ut amet ipsum adipisci. Velit quiquia dolorem magnam quiquia velit aliquam. Etincidunt ipsum labore ut ut sed. Quisquam dolor non quiquia dolore etincidunt sed.', 'new', '2', NULL, '', 'enabled', 000, 0, 000, 0),
(443, 'Bug Report: Nigeria', 'Sed eius numquam velit non quiquia. Magnam tempora eius porro sed. Quisquam velit amet labore amet. Numquam sed est amet quiquia porro est. Neque magnam quisquam sed amet quisquam quisquam. Aliquam dolorem etincidunt amet tempora sed est labore.', 'new', '2', NULL, '', 'enabled', 000, 0, 000, 0),
(444, 'Bug Report: nugatory', 'Ut velit dolore adipisci sed labore modi. Amet aliquam amet ut. Est est dolore labore labore neque. Ut labore numquam ut aliquam ut amet. Numquam est etincidunt modi sed ipsum. Quaerat neque sit adipisci. Etincidunt voluptatem sit sit. Ut sed etincidunt dolorem voluptatem adipisci ipsum. Sit numquam sed dolore eius sit.', 'new', '1', NULL, '', 'enabled', 000, 0, 000, 0),
(445, 'Bug Report: flammable', 'Modi est velit numquam ipsum sed etincidunt dolore. Dolore quaerat dolorem adipisci consectetur est. Velit sit neque est quaerat labore. Voluptatem velit dolor ut tempora neque. Magnam ut etincidunt tempora. Consectetur non sed aliquam voluptatem dolore. Tempora eius sed porro modi modi.', 'new', '2', NULL, '', 'enabled', 000, 0, 000, 0),
(446, 'Bug Report: acquaint', 'Adipisci eius dolor quisquam. Amet dolore dolor dolor sed velit. Non labore ipsum porro. Voluptatem ut eius aliquam eius etincidunt dolore. Adipisci quisquam magnam magnam. Neque amet labore voluptatem magnam adipisci quiquia. Ipsum quaerat dolor dolore sit velit. Ipsum tempora dolor labore. Quisquam eius eius adipisci porro labore. Eius est quiquia voluptatem eius.', 'new', '3', NULL, '', 'enabled', 000, 0, 000, 0),
(447, 'Bug Report: Marguerite', 'Quiquia adipisci non voluptatem eius est. Velit quiquia sit sit ut velit sit aliquam. Quiquia voluptatem adipisci consectetur dolorem ipsum. Porro sit ut non eius consectetur numquam adipisci. Ut dolorem sed non non numquam consectetur est. Eius porro porro voluptatem dolor ipsum labore amet. Est neque aliquam est adipisci eius neque etincidunt.', 'new', '2', NULL, '', 'enabled', 000, 0, 000, 0),
(448, 'Bug Report: howl', 'Quiquia adipisci quiquia velit numquam tempora consectetur. Sed eius porro porro etincidunt. Amet ipsum numquam eius non ipsum. Voluptatem ipsum labore eius quaerat. Quisquam quiquia magnam eius est porro aliquam. Ut quisquam voluptatem consectetur magnam sit.', 'new', '2', NULL, '', 'enabled', 000, 0, 000, 0),
(449, 'Bug Report: tambourine', 'Magnam eius quaerat dolor. Labore numquam consectetur sit dolorem eius. Est quiquia modi voluptatem eius ut. Etincidunt aliquam numquam ipsum quisquam quiquia modi tempora. Modi aliquam dolor non etincidunt aliquam. Dolore porro ipsum amet modi sed quiquia. Eius aliquam consectetur labore tempora. Modi sit dolorem sit ipsum sit porro etincidunt. Quisquam dolor quisquam est. Eius aliquam sed eius.', 'new', '2', NULL, '', 'enabled', 000, 0, 000, 0),
(450, 'Bug Report: martyr', 'Dolore dolor adipisci labore amet aliquam aliquam sed. Etincidunt etincidunt tempora velit magnam. Sed velit tempora etincidunt. Dolorem quiquia aliquam est dolore dolor. Numquam sed non dolor. Modi quisquam dolor quaerat numquam ut quisquam dolore. Aliquam numquam numquam eius tempora quisquam ut consectetur.', 'new', '1', NULL, '', 'enabled', 000, 0, 000, 0),
(451, 'Bug Report: sleazy', 'Quaerat dolore quaerat dolorem. Dolorem etincidunt aliquam aliquam consectetur adipisci voluptatem. Quisquam ipsum etincidunt porro. Ut modi modi adipisci. Sed aliquam est quiquia neque neque dolore. Sit numquam dolorem sit neque dolore etincidunt dolorem.', 'new', '1', NULL, '', 'enabled', 000, 0, 000, 0),
(452, 'Bug Report: bituminous', 'Amet dolor dolore voluptatem. Velit dolore tempora magnam etincidunt sed. Voluptatem quiquia quaerat sed sed etincidunt voluptatem consectetur. Eius tempora amet magnam. Voluptatem labore labore magnam tempora magnam magnam sed. Neque ut voluptatem amet. Quaerat dolore velit dolore neque modi. Velit est eius est. Amet non est dolor numquam porro dolorem etincidunt.', 'new', '1', NULL, '', 'enabled', 000, 0, 000, 0),
(453, 'Bug Report: pathbreaking', 'Numquam consectetur dolorem non adipisci labore. Adipisci porro etincidunt non quaerat adipisci sit voluptatem. Dolore eius velit labore voluptatem dolore quisquam. Ut amet numquam adipisci ipsum. Sed sit numquam quisquam sit tempora ut. Quaerat labore numquam dolor neque tempora. Eius est sed non dolor quisquam est consectetur. Dolor quisquam modi voluptatem.', 'new', '1', NULL, '', 'enabled', 000, 0, 000, 0),
(454, 'Bug Report: lore', 'Sed etincidunt sed amet neque porro sed. Dolorem porro eius neque quiquia. Quisquam quaerat est velit quiquia dolorem. Ut aliquam sed voluptatem labore ut. Etincidunt adipisci ipsum porro voluptatem. Eius consectetur sit sit numquam modi magnam. Labore aliquam etincidunt magnam dolor adipisci quisquam voluptatem. Porro aliquam modi magnam sit.', 'new', '3', NULL, '', 'enabled', 000, 0, 000, 0),
(455, 'Bug Report: away', 'Modi dolor adipisci numquam ipsum. Adipisci consectetur consectetur numquam modi velit. Quaerat numquam voluptatem consectetur aliquam amet tempora. Non ipsum dolore quaerat magnam. Est porro labore neque non non neque. Sit est sit porro consectetur amet porro. Etincidunt eius dolor amet tempora aliquam.', 'new', '3', NULL, '', 'enabled', 000, 0, 000, 0),
(456, 'Bug Report: Veda', 'Adipisci dolor dolor amet magnam quiquia dolorem dolore. Dolor quaerat etincidunt modi aliquam amet quiquia magnam. Numquam porro voluptatem magnam sed magnam porro quisquam. Consectetur quisquam dolore velit modi quiquia ipsum. Quaerat aliquam eius quisquam dolorem velit. Consectetur porro velit dolor dolor aliquam consectetur dolorem. Quaerat tempora dolore quisquam adipisci. Amet aliquam etincidunt dolore ut. Aliquam sit dolor amet velit etincidunt etincidunt.', 'new', '1', NULL, '', 'enabled', 000, 0, 000, 0),
(457, 'Bug Report: cruise', 'Adipisci non dolore porro voluptatem dolor quaerat. Sit non dolorem tempora modi ut ut. Sit est velit ut ut. Dolor voluptatem adipisci est labore aliquam ipsum velit. Amet ipsum quiquia tempora. Ut labore ipsum voluptatem dolore aliquam quiquia. Etincidunt non dolorem magnam dolore. Quaerat neque dolorem tempora numquam.', 'new', '1', NULL, '', 'enabled', 000, 0, 000, 0),
(458, 'Bug Report: who', 'Neque aliquam etincidunt sed eius quaerat quaerat porro. Velit porro eius quisquam quisquam. Dolor dolore eius quiquia neque numquam. Sit dolore velit etincidunt. Sit neque est numquam. Sit neque ut quiquia dolor modi amet. Porro dolorem dolore ut sit non voluptatem sit.', 'new', '1', NULL, '', 'enabled', 000, 0, 000, 0),
(459, 'Bug Report: tenuous', 'Est dolor adipisci ut est voluptatem. Dolore est ut numquam labore tempora adipisci numquam. Dolorem neque dolore quiquia labore ut non. Etincidunt eius labore tempora ipsum ipsum quisquam etincidunt. Modi quisquam etincidunt dolorem eius eius neque. Ipsum sed velit ut.', 'new', '1', NULL, '', 'enabled', 000, 0, 000, 0),
(460, 'Bug Report: brazier', 'Non velit numquam dolor dolorem voluptatem tempora. Non consectetur sit tempora dolorem est. Ut tempora labore ut magnam. Ipsum tempora quiquia non quiquia magnam porro. Quiquia consectetur neque porro adipisci. Velit eius ut quaerat magnam modi. Voluptatem magnam amet etincidunt ut voluptatem dolore. Quiquia sed tempora sit numquam. Labore porro ut amet numquam consectetur velit porro. Adipisci eius eius consectetur sit adipisci non.', 'new', '1', NULL, '', 'enabled', 000, 0, 000, 0),
(461, 'Bug Report: apricot', 'Quiquia quaerat quaerat est est ut dolorem quaerat. Velit quisquam non quaerat etincidunt dolorem. Non est amet ut aliquam magnam non. Modi porro consectetur labore non. Eius sed ipsum dolore porro.', 'new', '3', NULL, '', 'enabled', 000, 0, 000, 0),
(462, 'Bug Report: bitch', 'Ut magnam non tempora. Amet ipsum labore quisquam aliquam dolore sit ut. Non magnam etincidunt dolore. Sit quaerat eius velit porro. Non aliquam ut consectetur. Non consectetur porro non ut. Modi voluptatem dolor aliquam ipsum numquam. Dolorem tempora ut quisquam dolor voluptatem.', 'new', '2', NULL, '', 'enabled', 000, 0, 000, 0),
(463, 'Bug Report: augur', 'Labore velit adipisci quisquam neque sit. Eius consectetur dolor aliquam non sit non sed. Velit consectetur eius quisquam. Dolorem quisquam quiquia tempora eius magnam magnam. Quisquam amet velit quisquam. Dolore porro adipisci non ipsum. Numquam neque amet modi. Quisquam dolorem ut voluptatem ipsum dolorem. Non numquam quaerat sit non. Velit amet dolore adipisci est.', 'new', '2', NULL, '', 'enabled', 000, 0, 000, 0),
(464, 'Bug Report: havent', 'Non quaerat porro labore. Velit amet neque dolorem dolor quiquia porro quisquam. Sit ipsum numquam numquam eius dolore adipisci. Eius amet dolor voluptatem tempora sit est consectetur. Voluptatem est dolor dolorem. Sed magnam dolore dolorem sed. Amet velit ipsum amet dolore adipisci. Porro quaerat quaerat numquam.', 'new', '1', NULL, '', 'enabled', 000, 0, 000, 0),
(465, 'Bug Report: toolmake', 'Dolore labore adipisci labore neque. Ipsum quisquam aliquam neque dolorem. Quiquia dolorem sit labore sit. Sit ut dolore eius aliquam quaerat quaerat. Est voluptatem non sed amet non. Numquam est labore sit. Dolore tempora porro quaerat aliquam voluptatem non. Dolor consectetur tempora aliquam etincidunt consectetur.', 'new', '2', NULL, '', 'enabled', 000, 0, 000, 0),
(466, 'Bug Report: pry', 'Adipisci quiquia eius ipsum ipsum. Quisquam adipisci ut voluptatem dolor porro porro. Ipsum magnam quisquam numquam quisquam quisquam. Sit est numquam tempora sit quaerat sit. Quaerat est adipisci velit consectetur dolor modi labore. Consectetur quiquia adipisci sit amet. Etincidunt modi modi neque. Ipsum velit aliquam dolorem aliquam.', 'new', '3', NULL, '', 'enabled', 000, 0, 000, 0),
(467, 'Bug Report: Mohammed', 'Voluptatem numquam ut quaerat sit dolore voluptatem. Adipisci voluptatem porro non. Non modi voluptatem dolore. Aliquam dolor tempora neque. Eius etincidunt ipsum porro magnam sit sed sit. Labore porro neque aliquam neque non. Velit consectetur labore non voluptatem. Voluptatem amet labore est quiquia est. Voluptatem quiquia est dolorem.', 'new', '3', NULL, '', 'enabled', 000, 0, 000, 0),
(468, 'Bug Report: decimate', 'Amet neque sit modi porro modi consectetur. Modi dolore dolorem sit non quiquia. Etincidunt ipsum quisquam consectetur modi non dolor numquam. Magnam porro velit non non non aliquam. Velit etincidunt consectetur magnam modi ut adipisci. Quiquia adipisci est porro magnam. Neque adipisci dolore consectetur sit. Quaerat voluptatem quaerat aliquam non ipsum. Numquam magnam aliquam est dolore velit. Etincidunt adipisci tempora magnam non.', 'new', '2', NULL, '', 'enabled', 000, 0, 000, 0),
(469, 'Bug Report: Siemens', 'Neque labore eius ut. Porro etincidunt sit etincidunt quaerat labore. Quaerat sit eius dolor quaerat magnam ipsum. Neque consectetur non adipisci sed quisquam. Labore amet etincidunt est consectetur non.', 'new', '3', NULL, '', 'enabled', 000, 0, 000, 0),
(470, 'Bug Report: susceptance', 'Numquam quaerat tempora dolor aliquam est. Quaerat sit eius magnam neque. Ipsum sit non modi aliquam. Modi numquam labore adipisci sit dolor etincidunt ut. Neque etincidunt neque labore quiquia dolore adipisci sit. Magnam neque aliquam tempora voluptatem quaerat sit. Modi quaerat voluptatem ipsum modi magnam. Porro eius velit est. Quaerat velit tempora quiquia dolorem dolorem adipisci.', 'new', '3', NULL, '', 'enabled', 000, 0, 000, 0),
(471, 'Bug Report: GMT', 'Dolore amet est quiquia velit consectetur est modi. Non labore numquam consectetur ut. Tempora quisquam amet labore amet etincidunt quiquia. Quisquam est tempora consectetur. Dolorem adipisci amet neque dolore quisquam etincidunt etincidunt. Dolor porro sed eius.', 'new', '2', NULL, '', 'enabled', 000, 0, 000, 0),
(472, 'Bug Report: commend', 'Voluptatem neque non etincidunt dolor dolorem velit. Sit aliquam quiquia numquam. Modi ipsum modi etincidunt est quaerat. Voluptatem tempora tempora consectetur sed aliquam. Aliquam magnam quaerat quaerat adipisci. Ut quaerat velit labore aliquam etincidunt adipisci. Eius quiquia porro modi neque etincidunt magnam. Sed etincidunt dolore adipisci velit.', 'new', '3', NULL, '', 'enabled', 000, 0, 000, 0),
(473, 'Bug Report: anneal', 'Quiquia dolorem eius dolor ut porro. Porro dolorem amet numquam quiquia adipisci amet. Modi sit velit quiquia porro sed. Velit dolore neque modi non etincidunt consectetur modi. Quaerat porro neque velit sed etincidunt numquam velit. Quaerat velit magnam magnam voluptatem ut eius ipsum.', 'new', '2', NULL, '', 'enabled', 000, 0, 000, 0),
(474, 'Bug Report: siskin', 'Est voluptatem sit dolore numquam tempora neque voluptatem. Labore ut porro consectetur. Etincidunt etincidunt quaerat ut labore modi. Adipisci non magnam aliquam. Non sed eius porro non quiquia ipsum. Voluptatem dolor velit magnam labore. Aliquam magnam quaerat sit modi sed quisquam.', 'new', '3', NULL, '', 'enabled', 000, 0, 000, 0),
(475, 'Bug Report: probationary', 'Quiquia adipisci ut non neque. Quaerat eius voluptatem labore adipisci dolore. Consectetur dolorem etincidunt tempora velit labore dolore. Dolor amet quaerat amet dolore. Sit quaerat aliquam etincidunt.', 'new', '3', NULL, '', 'enabled', 000, 0, 000, 0),
(476, 'Bug Report: plug', 'Ut non tempora numquam amet ipsum amet porro. Ut ut sed magnam aliquam dolor velit. Non sit adipisci neque porro quisquam consectetur sed. Consectetur tempora magnam ut. Quisquam modi magnam ipsum ipsum labore neque. Voluptatem etincidunt ut adipisci aliquam aliquam dolore. Consectetur sit voluptatem sit non ut sed. Ipsum non sed magnam.', 'new', '3', NULL, '', 'enabled', 000, 0, 000, 0),
(477, 'Bug Report: crossover', 'Amet dolor dolore etincidunt. Etincidunt consectetur etincidunt dolorem non dolorem. Amet ut dolore velit. Eius modi aliquam numquam. Quaerat eius amet ipsum quaerat aliquam quaerat. Sed modi labore dolore aliquam quaerat. Amet labore labore dolore etincidunt dolore tempora.', 'new', '1', NULL, '', 'enabled', 000, 0, 000, 0),
(478, 'Bug Report: nomad', 'Consectetur quaerat labore etincidunt porro modi magnam. Velit aliquam sed quiquia velit sed etincidunt magnam. Dolor numquam dolor labore magnam consectetur velit. Etincidunt dolorem consectetur tempora etincidunt aliquam ipsum. Ut voluptatem dolorem est eius amet. Labore est dolore magnam. Numquam ut sed quaerat porro modi. Dolorem ut ipsum quaerat amet voluptatem dolore est. Est ut est magnam modi modi.', 'new', '1', NULL, '', 'enabled', 000, 0, 000, 0),
(479, 'Bug Report: uracil', 'Dolore etincidunt ipsum consectetur. Neque neque quiquia sit quiquia quaerat velit. Voluptatem quiquia eius tempora aliquam porro voluptatem. Eius voluptatem sed dolore velit dolorem numquam labore. Porro etincidunt dolore quiquia sed. Ipsum neque porro quiquia adipisci non sit labore. Neque dolorem consectetur dolore dolore. Dolorem labore consectetur numquam eius sit. Sed labore tempora aliquam quaerat ut sit. Etincidunt non sit numquam quiquia dolorem.', 'new', '1', NULL, '', 'enabled', 000, 0, 000, 0),
(480, 'Bug Report: tack', 'Dolore quiquia velit dolorem ut tempora tempora aliquam. Quiquia aliquam sit magnam sit etincidunt aliquam. Neque voluptatem eius quisquam. Est non aliquam tempora dolore magnam neque dolor. Neque velit sit velit amet voluptatem labore ipsum. Adipisci modi labore numquam dolor consectetur tempora. Modi quiquia eius modi velit numquam ipsum voluptatem. Quaerat sit neque porro numquam consectetur. Porro amet dolorem aliquam ipsum quiquia dolore.', 'new', '2', NULL, '', 'enabled', 000, 0, 000, 0),
(481, 'Bug Report: evident', 'Est est velit sed ipsum. Dolore ipsum sit sed numquam est dolore aliquam. Tempora dolore dolor etincidunt dolore. Eius eius numquam velit non est aliquam. Consectetur adipisci eius modi quisquam quiquia est. Quisquam quisquam est quiquia numquam dolore dolorem ut. Porro non dolore dolore. Eius numquam ut magnam tempora ipsum tempora. Numquam quaerat dolore est. Amet est quiquia magnam labore.', 'new', '1', NULL, '', 'enabled', 000, 0, 000, 0),
(482, 'Bug Report: addle', 'Sit modi porro sed sit quisquam sit numquam. Etincidunt non sed tempora quisquam velit labore. Amet aliquam quaerat velit consectetur neque est. Tempora etincidunt porro est velit. Tempora quaerat adipisci etincidunt voluptatem ut modi labore. Dolorem etincidunt dolorem non neque. Labore neque sit ipsum dolor. Etincidunt labore porro dolorem quisquam dolore eius. Voluptatem sed quiquia consectetur. Labore amet non magnam ut sed.', 'new', '2', NULL, '', 'enabled', 000, 0, 000, 0),
(483, 'Bug Report: Des', 'Sed eius est labore. Eius numquam dolorem consectetur eius non. Quaerat amet sit quaerat dolor amet. Dolor quaerat est porro est porro etincidunt. Voluptatem aliquam numquam quaerat neque quiquia dolor.', 'new', '2', NULL, '', 'enabled', 000, 0, 000, 0),
(484, 'Bug Report: tropic', 'Tempora ut non amet dolore. Magnam numquam velit labore porro adipisci ipsum. Consectetur tempora amet quiquia. Porro dolore sit non dolore tempora ut. Consectetur est aliquam sit voluptatem consectetur modi. Porro adipisci numquam adipisci porro amet.', 'new', '2', NULL, '', 'enabled', 000, 0, 000, 0),
(485, 'Bug Report: perspiration', 'Voluptatem magnam non ipsum. Etincidunt aliquam neque dolore dolor quaerat numquam sit. Etincidunt dolor magnam neque. Numquam dolore consectetur consectetur aliquam adipisci. Eius eius sit est. Est non consectetur non ipsum.', 'new', '2', NULL, '', 'enabled', 000, 0, 000, 0),
(486, 'Bug Report: silicone', 'Neque velit amet quisquam non. Sit dolorem eius non. Aliquam neque est est ut quisquam dolore voluptatem. Dolor dolore ipsum dolor sit modi porro eius. Ipsum sed porro non sed.', 'new', '2', NULL, '', 'enabled', 000, 0, 000, 0),
(487, 'Bug Report: niggle', 'Est etincidunt quiquia modi non magnam aliquam porro. Eius dolore consectetur magnam. Dolor dolore numquam ut. Tempora consectetur quisquam dolorem labore amet. Quiquia quiquia voluptatem porro.', 'new', '3', NULL, '', 'enabled', 000, 0, 000, 0),
(488, 'Bug Report: archetype', 'Porro quaerat magnam quiquia modi. Tempora ut non quiquia neque porro quiquia dolor. Tempora magnam porro adipisci eius voluptatem neque. Ut adipisci dolorem sit numquam quaerat. Ut est neque non quaerat. Non amet etincidunt non sed velit modi. Dolor quisquam magnam magnam etincidunt magnam. Magnam sit dolorem amet magnam ut.', 'new', '2', NULL, '', 'enabled', 000, 0, 000, 0),
(489, 'Bug Report: sidestep', 'Velit consectetur ut aliquam. Tempora velit magnam voluptatem dolorem sit. Porro ipsum dolore est. Magnam quisquam dolorem magnam neque voluptatem sed aliquam. Ipsum quiquia aliquam consectetur adipisci. Est ipsum ut etincidunt voluptatem eius dolor. Dolor quiquia quaerat neque quaerat ipsum. Consectetur voluptatem est voluptatem tempora sed neque. Dolor dolore velit porro porro non dolorem.', 'new', '3', NULL, '', 'enabled', 000, 0, 000, 0),
(490, 'Bug Report: seek', 'Neque eius dolorem dolor eius. Aliquam labore est eius ipsum. Sit etincidunt dolor velit tempora tempora. Porro tempora aliquam ut dolorem tempora. Amet dolor quiquia ut quaerat sit quiquia. Est ut tempora velit sed sed quisquam.', 'new', '3', NULL, '', 'enabled', 000, 0, 000, 0),
(491, 'Bug Report: utensil', 'Ipsum non ipsum consectetur porro. Eius amet numquam dolorem. Est quaerat velit magnam. Numquam velit numquam numquam est eius quiquia est. Dolorem quiquia adipisci adipisci est quiquia voluptatem modi. Labore ut magnam est sit. Etincidunt ipsum voluptatem consectetur numquam ut magnam ipsum.', 'new', '3', NULL, '', 'enabled', 000, 0, 000, 0),
(492, 'Bug Report: puddly', 'Sit non tempora velit neque modi amet adipisci. Tempora ipsum quaerat adipisci sit quisquam eius labore. Est neque aliquam labore velit dolore ipsum porro. Dolor amet sed velit. Sed velit quaerat quisquam. Dolor sit eius modi modi sit. Dolor adipisci sed velit quiquia.', 'new', '2', NULL, '', 'enabled', 000, 0, 000, 0),
(493, 'Bug Report: ascension', 'Dolorem consectetur amet voluptatem. Non tempora velit consectetur etincidunt. Adipisci porro voluptatem consectetur quisquam eius quaerat sit. Sit dolorem dolorem voluptatem dolor adipisci. Modi sit est numquam numquam ut quaerat tempora. Magnam ut dolore ipsum ipsum numquam consectetur.', 'new', '2', NULL, '', 'enabled', 000, 0, 000, 0),
(494, 'Bug Report: bred', 'Magnam adipisci ut porro ut sed est ipsum. Voluptatem amet voluptatem eius velit dolore dolore. Aliquam non modi quaerat. Labore consectetur magnam tempora adipisci etincidunt etincidunt. Aliquam dolorem quaerat voluptatem. Tempora non voluptatem quaerat aliquam velit etincidunt quisquam. Neque velit consectetur magnam non magnam sit labore.', 'new', '1', NULL, '', 'enabled', 000, 0, 000, 0),
(495, 'Bug Report: solid', 'Dolor quiquia tempora magnam sed ut consectetur. Ipsum eius dolor sed labore sed. Voluptatem est tempora quisquam sit ut dolor adipisci. Sit sit adipisci modi. Adipisci ipsum etincidunt sit porro ipsum consectetur dolor. Eius tempora voluptatem amet sit dolore quaerat eius. Magnam porro eius aliquam aliquam sed.', 'new', '2', NULL, '', 'enabled', 000, 0, 000, 0),
(496, 'Bug Report: heroic', 'Sit tempora tempora ipsum non sed. Tempora ipsum sit amet aliquam dolore. Est adipisci dolorem quaerat non amet eius. Ut tempora velit etincidunt sed. Ipsum neque neque dolorem labore. Quiquia numquam sit non ipsum. Labore est neque voluptatem. Non est neque quisquam modi non voluptatem sed. Quisquam est ut labore.', 'new', '1', NULL, '', 'enabled', 000, 0, 000, 0),
(497, 'Bug Report: boost', 'Sit velit aliquam labore magnam amet modi. Quaerat ut est voluptatem. Adipisci ut porro labore dolorem dolor. Quaerat eius est adipisci sit etincidunt. Velit modi dolore aliquam modi voluptatem. Magnam adipisci neque velit sit magnam non. Magnam dolorem dolore quiquia dolor sit amet ipsum. Magnam voluptatem neque tempora consectetur quiquia. Modi neque voluptatem sit neque dolorem quaerat adipisci.', 'new', '3', NULL, '', 'enabled', 000, 0, 000, 0),
(498, 'Bug Report: Pecos', 'Adipisci non etincidunt consectetur est aliquam modi dolorem. Non dolor dolore dolorem quaerat neque tempora. Magnam quisquam sit adipisci ipsum adipisci. Sed neque quiquia porro quiquia neque sed amet. Quisquam est neque quisquam quisquam sit neque. Ut dolore modi porro porro velit. Aliquam porro amet adipisci eius porro etincidunt.', 'new', '3', NULL, '', 'enabled', 000, 0, 000, 0),
(499, 'Bug Report: jagging', 'Sed ut etincidunt aliquam non modi aliquam. Consectetur amet consectetur ipsum velit. Non ut amet labore quaerat. Quiquia modi quaerat aliquam neque tempora velit consectetur. Amet dolore consectetur quiquia. Eius consectetur sed aliquam porro neque voluptatem neque.', 'new', '1', NULL, '', 'enabled', 000, 0, 000, 0),
(500, 'Bug Report: carabao', 'Numquam modi tempora porro consectetur ipsum. Modi dolore dolorem quisquam sed neque voluptatem eius. Ipsum est sit neque ut sit. Eius sit amet amet consectetur modi quaerat. Etincidunt non sit eius. Est magnam non quisquam labore non modi quiquia. Quisquam consectetur adipisci sit quaerat non magnam aliquam. Quisquam magnam velit tempora consectetur dolorem dolor. Quiquia etincidunt dolore sit est sed adipisci porro. Magnam dolore quisquam dolorem porro consectetur tempora eius.', 'new', '1', NULL, '', 'enabled', 000, 0, 000, 0);

UNLOCK TABLES;

--
-- Table structure for table `bug_action`
--

DROP TABLE IF EXISTS `bug_action`;
/*!40101 SET @saved_cs_client     = @@character_set_client */;
/*!40101 SET character_set_client = utf8 */;
CREATE TABLE `bug_action` (
  `id` int(11) NOT NULL AUTO_INCREMENT,
  `bug_id` int(11) DEFAULT NULL,
  `action_type` enum('new','assigned','fixing','pending_review','completed','rejected','reopen') DEFAULT NULL,
  `notes` text DEFAULT NULL,
  `delete_status` enum('enabled','disabled') NOT NULL DEFAULT 'enabled',
  `created_at` int(11) DEFAULT NULL,
  `created_by` int(11) DEFAULT NULL,
  PRIMARY KEY (`id`)
) ENGINE=InnoDB DEFAULT CHARSET=utf8mb4;
/*!40101 SET character_set_client = @saved_cs_client */;

--
-- Dumping data for table `bug_action`
--

LOCK TABLES `bug_action` WRITE;
/*!40000 ALTER TABLE `bug_action` DISABLE KEYS */;
/*!40000 ALTER TABLE `bug_action` ENABLE KEYS */;
UNLOCK TABLES;

--
-- Table structure for table `bug_comment`
--

DROP TABLE IF EXISTS `bug_comment`;
/*!40101 SET @saved_cs_client     = @@character_set_client */;
/*!40101 SET character_set_client = utf8 */;
CREATE TABLE `bug_comment` (
  `id` int(11) NOT NULL AUTO_INCREMENT,
  `bug_id` int(11) DEFAULT NULL,
  `comment` text DEFAULT NULL,
  `delete_status` enum('enabled','disabled') NOT NULL DEFAULT 'enabled',
  `created_at` int(11) DEFAULT NULL,
  `created_by` int(11) DEFAULT NULL,
  PRIMARY KEY (`id`)
) ENGINE=InnoDB DEFAULT CHARSET=utf8mb4;
/*!40101 SET character_set_client = @saved_cs_client */;

--
-- Dumping data for table `bug_comment`
--

LOCK TABLES `bug_comment` WRITE;
/*!40000 ALTER TABLE `bug_comment` DISABLE KEYS */;
/*!40000 ALTER TABLE `bug_comment` ENABLE KEYS */;
UNLOCK TABLES;

--
-- Table structure for table `bug_document`
--

DROP TABLE IF EXISTS `bug_document`;
/*!40101 SET @saved_cs_client     = @@character_set_client */;
/*!40101 SET character_set_client = utf8 */;
CREATE TABLE `bug_document` (
  `id` int(11) NOT NULL AUTO_INCREMENT,
  `bug_id` int(11) NOT NULL,
  `file_path` varchar(2056) DEFAULT NULL,
  `delete_status` enum('enabled','disabled') NOT NULL DEFAULT 'enabled',
  `created_at` int(11) DEFAULT NULL,
  `created_by` int(11) DEFAULT NULL,
  PRIMARY KEY (`id`)
) ENGINE=InnoDB DEFAULT CHARSET=utf8mb4;
/*!40101 SET character_set_client = @saved_cs_client */;

--
-- Dumping data for table `bug_document`
--

LOCK TABLES `bug_document` WRITE;
/*!40000 ALTER TABLE `bug_document` DISABLE KEYS */;
/*!40000 ALTER TABLE `bug_document` ENABLE KEYS */;
UNLOCK TABLES;

--
-- Table structure for table `bug_tag`
--

DROP TABLE IF EXISTS `bug_tag`;
/*!40101 SET @saved_cs_client     = @@character_set_client */;
/*!40101 SET character_set_client = utf8 */;
CREATE TABLE `bug_tag` (
  `id` int(11) NOT NULL,
  `bug_id` int(11) DEFAULT NULL,
  `name` varchar(128) DEFAULT NULL,
  `delete_status` enum('enabled','disabled') NOT NULL DEFAULT 'enabled',
  `created_at` int(11) DEFAULT NULL,
  `created_by` int(11) DEFAULT NULL,
  PRIMARY KEY (`id`)
) ENGINE=InnoDB DEFAULT CHARSET=utf8mb4;
/*!40101 SET character_set_client = @saved_cs_client */;

--
-- Dumping data for table `bug_tag`
--

LOCK TABLES `bug_tag` WRITE;
/*!40000 ALTER TABLE `bug_tag` DISABLE KEYS */;
/*!40000 ALTER TABLE `bug_tag` ENABLE KEYS */;
UNLOCK TABLES;

--
-- Table structure for table `file_storage_item`
--

DROP TABLE IF EXISTS `file_storage_item`;
/*!40101 SET @saved_cs_client     = @@character_set_client */;
/*!40101 SET character_set_client = utf8 */;
CREATE TABLE `file_storage_item` (
  `id` int(11) NOT NULL AUTO_INCREMENT,
  `component` varchar(255) NOT NULL,
  `base_url` varchar(1024) NOT NULL,
  `path` varchar(1024) NOT NULL,
  `type` varchar(255) DEFAULT NULL,
  `size` int(11) DEFAULT NULL,
  `name` varchar(255) DEFAULT NULL,
  `upload_ip` varchar(45) DEFAULT NULL,
  `created_at` int(11) NOT NULL,
  PRIMARY KEY (`id`)
) ENGINE=InnoDB DEFAULT CHARSET=utf8mb4;
/*!40101 SET character_set_client = @saved_cs_client */;

--
-- Dumping data for table `file_storage_item`
--

LOCK TABLES `file_storage_item` WRITE;
/*!40000 ALTER TABLE `file_storage_item` DISABLE KEYS */;
/*!40000 ALTER TABLE `file_storage_item` ENABLE KEYS */;
UNLOCK TABLES;

--
-- Table structure for table `key_storage_item`
--

DROP TABLE IF EXISTS `key_storage_item`;
/*!40101 SET @saved_cs_client     = @@character_set_client */;
/*!40101 SET character_set_client = utf8 */;
CREATE TABLE `key_storage_item` (
  `key` varchar(128) NOT NULL,
  `value` text NOT NULL,
  `comment` text DEFAULT NULL,
  `updated_at` int(11) DEFAULT NULL,
  `created_at` int(11) DEFAULT NULL,
  PRIMARY KEY (`key`),
  UNIQUE KEY `idx_key_storage_item_key` (`key`)
) ENGINE=InnoDB DEFAULT CHARSET=utf8mb4;
/*!40101 SET character_set_client = @saved_cs_client */;

--
-- Dumping data for table `key_storage_item`
--

LOCK TABLES `key_storage_item` WRITE;
/*!40000 ALTER TABLE `key_storage_item` DISABLE KEYS */;
INSERT INTO `key_storage_item` VALUES ('backend.layout-boxed','0',NULL,NULL,NULL),('backend.layout-collapsed-sidebar','0',NULL,NULL,NULL),('backend.layout-fixed','0',NULL,NULL,NULL),('backend.theme-skin','skin-blue','skin-blue, skin-black, skin-purple, skin-green, skin-red, skin-yellow',NULL,NULL),('frontend.maintenance','disabled','Set it to \"enabled\" to turn on maintenance mode',NULL,NULL);
/*!40000 ALTER TABLE `key_storage_item` ENABLE KEYS */;
UNLOCK TABLES;

--
-- Table structure for table `rbac_auth_assignment`
--

DROP TABLE IF EXISTS `rbac_auth_assignment`;
/*!40101 SET @saved_cs_client     = @@character_set_client */;
/*!40101 SET character_set_client = utf8 */;
CREATE TABLE `rbac_auth_assignment` (
  `item_name` varchar(64) COLLATE utf8_unicode_ci NOT NULL,
  `user_id` varchar(64) COLLATE utf8_unicode_ci NOT NULL,
  `created_at` int(11) DEFAULT NULL,
  PRIMARY KEY (`item_name`,`user_id`),
  CONSTRAINT `rbac_auth_assignment_ibfk_1` FOREIGN KEY (`item_name`) REFERENCES `rbac_auth_item` (`name`) ON DELETE CASCADE ON UPDATE CASCADE
) ENGINE=InnoDB DEFAULT CHARSET=utf8 COLLATE=utf8_unicode_ci;
/*!40101 SET character_set_client = @saved_cs_client */;

--
-- Dumping data for table `rbac_auth_assignment`
--

LOCK TABLES `rbac_auth_assignment` WRITE;
/*!40000 ALTER TABLE `rbac_auth_assignment` DISABLE KEYS */;
INSERT INTO `rbac_auth_assignment` VALUES ('administrator','1',1601299386),('triager','2',1601299386),('user','3',1601299386),
('developer', '4', 1601725876),
('developer', '5', 1601725878),
('developer', '6', 1601725879),
('developer', '7', 1601725880),
('developer', '8', 1601725882),
('developer', '9', 1601725883),
('developer', '10', 1601725884),
('developer', '11', 1601725886),
('developer', '12', 1601725887),
('developer', '13', 1601725888),
('developer', '14', 1601725890),
('developer', '15', 1601725891),
('developer', '16', 1601725893),
('developer', '17', 1601725894),
('developer', '18', 1601725895),
('reviewer', '19', 1601725897),
('reviewer', '20', 1601725898),
('reviewer', '21', 1601725900),
('reviewer', '22', 1601725901),
('reviewer', '23', 1601725902),
('triager', '24', 1601725904),
('triager', '25', 1601725905),
('triager', '26', 1601725907),
('triager', '27', 1601725908),
('triager', '28', 1601725909),
('user', '29', 1601725911),
('user', '30', 1601725912),
('user', '31', 1601725914),
('user', '32', 1601725915),
('user', '33', 1601725916),
('user', '34', 1601725918),
('user', '35', 1601725919),
('user', '36', 1601725921),
('user', '37', 1601725922),
('user', '38', 1601725923),
('user', '39', 1601725925),
('user', '40', 1601725926),
('user', '41', 1601725928),
('user', '42', 1601725929),
('user', '43', 1601725931),
('user', '44', 1601725933),
('user', '45', 1601725934),
('user', '46', 1601725936),
('user', '47', 1601725937),
('user', '48', 1601725939),
('user', '49', 1601725940),
('user', '50', 1601725942),
('user', '51', 1601725943),
('user', '52', 1601725944),
('user', '53', 1601725946);
/*!40000 ALTER TABLE `rbac_auth_assignment` ENABLE KEYS */;
UNLOCK TABLES;

--
-- Table structure for table `rbac_auth_item`
--

DROP TABLE IF EXISTS `rbac_auth_item`;
/*!40101 SET @saved_cs_client     = @@character_set_client */;
/*!40101 SET character_set_client = utf8 */;
CREATE TABLE `rbac_auth_item` (
  `name` varchar(64) COLLATE utf8_unicode_ci NOT NULL,
  `type` smallint(6) NOT NULL,
  `description` text COLLATE utf8_unicode_ci DEFAULT NULL,
  `rule_name` varchar(64) COLLATE utf8_unicode_ci DEFAULT NULL,
  `data` blob DEFAULT NULL,
  `created_at` int(11) DEFAULT NULL,
  `updated_at` int(11) DEFAULT NULL,
  PRIMARY KEY (`name`),
  KEY `idx-auth_item-type` (`type`)
) ENGINE=InnoDB DEFAULT CHARSET=utf8 COLLATE=utf8_unicode_ci;
/*!40101 SET character_set_client = @saved_cs_client */;

--
-- Dumping data for table `rbac_auth_item`
--

LOCK TABLES `rbac_auth_item` WRITE;
/*!40000 ALTER TABLE `rbac_auth_item` DISABLE KEYS */;
INSERT INTO `rbac_auth_item` VALUES ('administrator',1,NULL,NULL,NULL,1601299386,1601299386),('developer',1,NULL,NULL,NULL,1601299386,1601299386),('editOwnModel',2,NULL,'ownModelRule',NULL,1601299386,1601299386),('loginToBackend',2,NULL,NULL,NULL,1601299386,1601299386),('reviewer',1,NULL,NULL,NULL,1601299386,1601299386),('triager',1,NULL,NULL,NULL,1601299386,1601299386),('user',1,NULL,NULL,NULL,1601299386,1601299386);
/*!40000 ALTER TABLE `rbac_auth_item` ENABLE KEYS */;
UNLOCK TABLES;

--
-- Table structure for table `rbac_auth_item_child`
--

DROP TABLE IF EXISTS `rbac_auth_item_child`;
/*!40101 SET @saved_cs_client     = @@character_set_client */;
/*!40101 SET character_set_client = utf8 */;
CREATE TABLE `rbac_auth_item_child` (
  `parent` varchar(64) COLLATE utf8_unicode_ci NOT NULL,
  `child` varchar(64) COLLATE utf8_unicode_ci NOT NULL,
  PRIMARY KEY (`parent`,`child`),
  KEY `child` (`child`),
  CONSTRAINT `rbac_auth_item_child_ibfk_1` FOREIGN KEY (`parent`) REFERENCES `rbac_auth_item` (`name`) ON DELETE CASCADE ON UPDATE CASCADE,
  CONSTRAINT `rbac_auth_item_child_ibfk_2` FOREIGN KEY (`child`) REFERENCES `rbac_auth_item` (`name`) ON DELETE CASCADE ON UPDATE CASCADE
) ENGINE=InnoDB DEFAULT CHARSET=utf8 COLLATE=utf8_unicode_ci;
/*!40101 SET character_set_client = @saved_cs_client */;

--
-- Dumping data for table `rbac_auth_item_child`
--

LOCK TABLES `rbac_auth_item_child` WRITE;
/*!40000 ALTER TABLE `rbac_auth_item_child` DISABLE KEYS */;
INSERT INTO `rbac_auth_item_child` VALUES ('administrator','loginToBackend'),('administrator','triager'),('administrator','user'),('developer','loginToBackend'),('developer','user'),('reviewer','loginToBackend'),('reviewer','user'),('triager','loginToBackend'),('triager','user'),('user','editOwnModel'),('user','loginToBackend');
/*!40000 ALTER TABLE `rbac_auth_item_child` ENABLE KEYS */;
UNLOCK TABLES;

--
-- Table structure for table `rbac_auth_rule`
--

DROP TABLE IF EXISTS `rbac_auth_rule`;
/*!40101 SET @saved_cs_client     = @@character_set_client */;
/*!40101 SET character_set_client = utf8 */;
CREATE TABLE `rbac_auth_rule` (
  `name` varchar(64) COLLATE utf8_unicode_ci NOT NULL,
  `data` blob DEFAULT NULL,
  `created_at` int(11) DEFAULT NULL,
  `updated_at` int(11) DEFAULT NULL,
  PRIMARY KEY (`name`)
) ENGINE=InnoDB DEFAULT CHARSET=utf8 COLLATE=utf8_unicode_ci;
/*!40101 SET character_set_client = @saved_cs_client */;

--
-- Dumping data for table `rbac_auth_rule`
--

LOCK TABLES `rbac_auth_rule` WRITE;
/*!40000 ALTER TABLE `rbac_auth_rule` DISABLE KEYS */;
INSERT INTO `rbac_auth_rule` VALUES ('ownModelRule','O:29:\"common\\rbac\\rule\\OwnModelRule\":3:{s:4:\"name\";s:12:\"ownModelRule\";s:9:\"createdAt\";i:1599030378;s:9:\"updatedAt\";i:1599030378;}',1599030378,1599030378);
/*!40000 ALTER TABLE `rbac_auth_rule` ENABLE KEYS */;
UNLOCK TABLES;

--
-- Table structure for table `system_log`
--

DROP TABLE IF EXISTS `system_log`;
/*!40101 SET @saved_cs_client     = @@character_set_client */;
/*!40101 SET character_set_client = utf8 */;
CREATE TABLE `system_log` (
  `id` bigint(20) NOT NULL AUTO_INCREMENT,
  `level` int(11) DEFAULT NULL,
  `category` varchar(255) COLLATE utf8_unicode_ci DEFAULT NULL,
  `log_time` double DEFAULT NULL,
  `prefix` text COLLATE utf8_unicode_ci DEFAULT NULL,
  `message` text COLLATE utf8_unicode_ci DEFAULT NULL,
  PRIMARY KEY (`id`),
  KEY `idx_log_level` (`level`),
  KEY `idx_log_category` (`category`)
) ENGINE=InnoDB DEFAULT CHARSET=utf8 COLLATE=utf8_unicode_ci;
/*!40101 SET character_set_client = @saved_cs_client */;

--
-- Dumping data for table `system_log`
--

LOCK TABLES `system_log` WRITE;
/*!40000 ALTER TABLE `system_log` DISABLE KEYS */;
/*!40000 ALTER TABLE `system_log` ENABLE KEYS */;
UNLOCK TABLES;

--
-- Table structure for table `timeline_event`
--

DROP TABLE IF EXISTS `timeline_event`;
/*!40101 SET @saved_cs_client     = @@character_set_client */;
/*!40101 SET character_set_client = utf8 */;
CREATE TABLE `timeline_event` (
  `id` int(11) NOT NULL AUTO_INCREMENT,
  `application` varchar(64) NOT NULL,
  `category` varchar(64) NOT NULL,
  `event` varchar(64) NOT NULL,
  `data` text DEFAULT NULL,
  `created_at` int(11) NOT NULL,
  PRIMARY KEY (`id`),
  KEY `idx_created_at` (`created_at`)
) ENGINE=InnoDB AUTO_INCREMENT=4 DEFAULT CHARSET=utf8mb4;
/*!40101 SET character_set_client = @saved_cs_client */;

--
-- Dumping data for table `timeline_event`
--

LOCK TABLES `timeline_event` WRITE;
/*!40000 ALTER TABLE `timeline_event` DISABLE KEYS */;
INSERT INTO `timeline_event` VALUES (1,'frontend','user','signup','{\"public_identity\":\"webmaster\",\"user_id\":1,\"created_at\":1601299365}',1601299365),(2,'frontend','user','signup','{\"public_identity\":\"manager\",\"user_id\":2,\"created_at\":1601299365}',1601299366),(3,'frontend','user','signup','{\"public_identity\":\"user\",\"user_id\":3,\"created_at\":1601299365}',1601299367);
/*!40000 ALTER TABLE `timeline_event` ENABLE KEYS */;
UNLOCK TABLES;

--
-- Table structure for table `user`
--

DROP TABLE IF EXISTS `user`;
/*!40101 SET @saved_cs_client     = @@character_set_client */;
/*!40101 SET character_set_client = utf8 */;
CREATE TABLE `user` (
  `id` int(11) NOT NULL AUTO_INCREMENT,
  `username` varchar(32) DEFAULT NULL,
  `password_hash` varchar(255) NOT NULL,
  `auth_key` varchar(32) NOT NULL,
  `access_token` varchar(40) NOT NULL,
  `oauth_client` varchar(255) DEFAULT NULL,
  `oauth_client_user_id` varchar(255) DEFAULT NULL,
  `email` varchar(255) NOT NULL,
  `account_status` varchar(255) DEFAULT NULL,
  `status` smallint(6) NOT NULL DEFAULT 2,
  `logged_at` int(11) DEFAULT NULL,
  `created_at` int(11) DEFAULT NULL,
  `updated_at` int(11) DEFAULT NULL,
  PRIMARY KEY (`id`)
) ENGINE=InnoDB AUTO_INCREMENT=4 DEFAULT CHARSET=utf8mb4;
/*!40101 SET character_set_client = @saved_cs_client */;

--
-- Dumping data for table `user`
--

LOCK TABLES `user` WRITE;
/*!40000 ALTER TABLE `user` DISABLE KEYS */;
INSERT INTO `user` VALUES (1,'webmaster','$2y$13$ZmTDeY4OhOvRnyNlEDlRhuQy3jjeZkfTiorPlomjSWkZxyGqc5lHi','iT3_D9YxRLPbxc12WpjCjdZnBxcfK4Wf','7Cj4d1OTC2eLHUyKcuPioqg07HALPE_9Iti1YXfy',NULL,NULL,'webmaster@example.com',NULL,2,1601553526,1601299366,1601299366),(2,'manager','$2y$13$gR.aI1oqqxhtiDYcDFDiiugTR5dOATKLQ0xW3PzRfSHNiK7J/fUAG','lYrVEstrva498MqRUYqotwSa75WEyWaf','puZVx8bKqB6PgnhY6rdZz7b1521wJrZvO2OQPfpO',NULL,NULL,'manager@example.com',NULL,2,NULL,1601299366,1601299366),(3,'user','$2y$13$C93kpySma.mvMa5OG4Fdk.jNW3TWYde4Vuup9ryB9j97JO9B6Uph.','70TgvlgGbK3BRFC0MVlxc3bMymuIV6vl','9l-MFC_Z8yh71gxI0PDODLhjDOTRkwK9MMzw2f91',NULL,NULL,'user@example.com',NULL,2,NULL,1601299367,1601299367),
(4, 'Flor Holford', '$2y$13$tuxbwMlvKPzZpIQby/1E/uLI7IC7HaFjeECpHeqR7MeLq9lOM50tW', 'z6_eSQ20SQxojUGyXZIlNj-RYQE58n2M', 'vUOYcL1pfIgPCc3REiR9MMPM6Ch_j6HCSF2PTcDk', NULL, NULL, 'FlorHolford@nomail.com', NULL, 2, NULL, 1601725876, 1601725876),
(5, 'Derek Searson', '$2y$13$irOGHJ5rxs3x6D/TeUwm8O4AiCFitcm4nTQWbsqEzRiI5W2TD0jvO', 'cSztqWfz6uhNWTTaeKkgxOpO-sXVqxAl', 'G75zlWoqrgiNd6luGfVo6t_9WHhDyXHqz7szHULb', NULL, NULL, 'DerekSearson@nomail.com', NULL, 2, NULL, 1601725878, 1601725878),
(6, 'Helen Herrera', '$2y$13$.B.uRbX6mgCvcRk461/hEunHJ1Cx6JBWgU8KUB9W5ZPr2HxVC4tku', '8EDylWs13mmYAxOeYROS9iqTaWLhls4t', 'r_rhQOEhu8l6sWEcYF4CAzDyGTWVP5jwb6JI61R9', NULL, NULL, 'HelenHerrera@nomail.com', NULL, 2, NULL, 1601725879, 1601725879),
(7, 'James Martinez', '$2y$13$nHZmi9cMOUb4ys2huAsHEunbTsKAKwPMAe.4pZg7AZ0vvUWFyM0R.', '5LdYOezpUXvS4sv6YKemlQ8qkBXKDGzQ', 'a3KwCTcnBdA07X-YYv8m7U8AphbZmftBZJOIAVCA', NULL, NULL, 'JamesMartinez@nomail.com', NULL, 2, NULL, 1601725880, 1601725880),
(8, 'Frank Rogers', '$2y$13$r938OEvrzgwZicilsLjIh.yfmGoWubKsGMuei4nCM0tecF9WYAU9C', 'SxP8w4Le0w0zuBHh1tt1Gu2xzFPBFQ4M', '7Wb8pyYflEcujc8Em5fAvMOIO7078qBbvXE83cms', NULL, NULL, 'FrankRogers@nomail.com', NULL, 2, NULL, 1601725882, 1601725882),
(9, 'Katie Morrison', '$2y$13$zx/eE27wx.Ffi64CCp4H4OoLYx9W1.EAhjMvImBC6c77/xDjDGO/a', 'pcWq8a1jW5D5zjbz1cdQLP0OpZZC-Fxs', 'ewVC7V1lxzPqC-qhQ_8FBwGny6ILyFsoIAZHbnv5', NULL, NULL, 'KatieMorrison@nomail.com', NULL, 2, NULL, 1601725883, 1601725883),
(10, 'Richard Burke', '$2y$13$Zq/4FbxQef4MMfyDMsCCzueZr6.dfYxLMyORj281H77AQwcEN4U72', 'OdZsdKE6HDzLobj5mgWiGMgAa47D3lIH', 'v7grDBt0PohpqNOGONglFjBMthc8dKuh2LSYTxba', NULL, NULL, 'RichardBurke@nomail.com', NULL, 2, NULL, 1601725884, 1601725884),
(11, 'Charles Mata', '$2y$13$qRYMHo8FCQYzUgAp1d439.i8N6thl5gN/38KFvAoI03sMG7CfzHTO', '9qWhMRomghoDL8mzU38Vtm99S9yd3Slj', 'Q2DmBPs0vThP12LKVKl_2HYrghLH-1Ro7eFJiDss', NULL, NULL, 'CharlesMata@nomail.com', NULL, 2, NULL, 1601725886, 1601725886),
(12, 'Glenn Sublett', '$2y$13$WwOX3k1vCehWjQ4UmmknCu6KEylIhOBetSpNmBHXJT1AdQUMsw3XW', 'ta6zXuToHBpj5KNf_s54rxKQxzW6_E5i', 'Tc6poTPcZckypOYdlP3IMA5bKMZ_Z6p7vn0ir7Js', NULL, NULL, 'GlennSublett@nomail.com', NULL, 2, NULL, 1601725887, 1601725887),
(13, 'Vernon Taylor', '$2y$13$ClFc.mVrVP2RtowYRch9AuTHpUrIPTau.5m6ypvF0JPlwFJlDPAv2', 'SQlXAl7wlx51nomL5pS51iVwv-pL54sB', 'xL5Ro2-86POxHE7AHIrXEQR6l-30MVo_33GwVzx0', NULL, NULL, 'VernonTaylor@nomail.com', NULL, 2, NULL, 1601725888, 1601725888),
(14, 'Timothy Walker', '$2y$13$AROk6eBd1SnB43HNCW0Lf.JLYjN8ZCJvJQ2XedM.zgOzEq5XosVnS', 't_IXQEupu35yaOyD2CeA3yesS6GKNqCP', 'JrxSKnBmkQnG6OxMihyWFXz004rcwxxgJ5KlV6sM', NULL, NULL, 'TimothyWalker@nomail.com', NULL, 2, NULL, 1601725890, 1601725890),
(15, 'Jason Howard', '$2y$13$7dMdZXIZsZ2SdW51RN3LpeXbRbs4LAxNGklr9q3fOaEqRfw36YNXC', 'zDcgMkC-Va7a1KkmSS2KQT9C5rRFugW7', 'i1GZEMDh_WCOHFpynsGJqr9LWacP3l86t0zXiGeX', NULL, NULL, 'JasonHoward@nomail.com', NULL, 2, NULL, 1601725891, 1601725891),
(16, 'Christopher Alexander', '$2y$13$s5g1DuE4q3PxRgveLE9MEeneiXNqe8a86tEFjGHZDyKYfzrQdToNK', 'KIVEAak9IC6yvVSb97XtP_DOGYEkSEN7', 'LC9ukrcwgfdSkmqNhp_Gduqz7uwNMZ8KYq54Rd-u', NULL, NULL, 'ChristopherAlexander@nomail.com', NULL, 2, NULL, 1601725893, 1601725893),
(17, 'Kenneth Stringer', '$2y$13$1e20ZxNa/Myt4kuf6xyKX.qfAIj3FTg90hlFJsoGn8bXKUO69a.hG', '_1_Hbe3vskJ04n4YMPpGe_179oVeAp17', 'sEClrWsGrbTZarU8ITolrCwuEiIGxnXtQUSehbgj', NULL, NULL, 'KennethStringer@nomail.com', NULL, 2, NULL, 1601725894, 1601725894),
(18, 'Sandra Kuehn', '$2y$13$y.uJnxRBBP.2OlK9eabFcOkfWshF9wYmGy0s75ZOYXhFavlVhtSOq', 'Vprp8yIA9sXLSFsejMkKDb0QD39DPoTL', 'Er-xTTvCY_o0E5HYE_eoJQ_tYZkZRVXbHQLs0i6I', NULL, NULL, 'SandraKuehn@nomail.com', NULL, 2, NULL, 1601725895, 1601725895),
(19, 'Edward Bird', '$2y$13$bE1yhcxD1cMRUAzHJS1abuRbnwOOoeGfIIwQBd0iMoE0TjfeFobAW', 'flNcnatSCZ43VORru1ly2IESPaKybxbm', 's7pdTyIbgGcaqJxVsFmPLOqVmzqwCtjyibKUd_dB', NULL, NULL, 'EdwardBird@nomail.com', NULL, 2, NULL, 1601725897, 1601725897),
(20, 'Linwood Colucci', '$2y$13$kkEx/HF/rOehTArXH77mLOX23lOfMdWBhMWgbtC.AFi.KamTESQKq', 'JGf7BprK0OrKc5yZk7ur8NeHtlK5setD', 'Qxm54MHpPz0_Kt0_tHQFXefkbTtoxeQKXNnbKV2v', NULL, NULL, 'LinwoodColucci@nomail.com', NULL, 2, NULL, 1601725898, 1601725898),
(21, 'Matthew Burkett', '$2y$13$gj4HLsWrJ2S6WtsBYxht5u8qIEP5xbuB92pTtf2k.ItyigFFZ2bR.', 'dSvgYk4h3waiMhIuNnrj-SE_Z25pUfOQ', 'ami7d24jdpKIUHsdSO0PU386VOvccnQx4fJejzkU', NULL, NULL, 'MatthewBurkett@nomail.com', NULL, 2, NULL, 1601725900, 1601725900),
(22, 'Alvin Bruce', '$2y$13$TDdsQKflFkEBjdDqSHr/uut6N8EAbkTQRlBbkJljv4IvXwEfL2e9y', '_DbwpPj6mVx6HooLzk9jLQDTmgSV_UkZ', '0jdULRX32z8cMu7UXiJxRu0wX9J9fCxYMhEb5_Dn', NULL, NULL, 'AlvinBruce@nomail.com', NULL, 2, NULL, 1601725901, 1601725901),
(23, 'Clifford Johnson', '$2y$13$I1CKGE7KPGm/ggfUcpZbt.6YtbKd43tPOZkKQYSR2LxU7Ywc1Fcx.', 'g8i6J2PLKsXaM6JtX9GWmahOZqQOfn9y', '0J8TlJcVxYztWC7l7Ttndn_MVWbVuvuhUhhEc_jl', NULL, NULL, 'CliffordJohnson@nomail.com', NULL, 2, NULL, 1601725902, 1601725902),
(24, 'John Hendrix', '$2y$13$soT7BnC0StIpBWj6mvfF/eraNBCZEITvZ2XMRQeJLjxgJzSgcpAPG', 'V07PXrvp8HiSZeM06KzcRuQSoF3OgDM6', 'KI0cXiyxkscNT5_M-3NSb7jT2Wh8INfkuajWzcAs', NULL, NULL, 'JohnHendrix@nomail.com', NULL, 2, NULL, 1601725904, 1601725904),
(25, 'Gene Williams', '$2y$13$uYvXk37CKwrqMxYIxxPVZuuVFlyJ6LUaqQlMssVbvGPTdTOCf4ge2', 'pEMQ9qMsD1rmcTsIQZX9nFNEhIMTJ1q3', 'bpxkoTthT2Hz0ffEHRAW2dUkF6ywuC3Adld2G8ao', NULL, NULL, 'GeneWilliams@nomail.com', NULL, 2, NULL, 1601725905, 1601725905),
(26, 'Jessica Shelton', '$2y$13$Bg/AqL/6vvPYh7f1f/t4Dez6zp2EnBdgSHD25IDq40hsJUtxKFN4G', 'j1QYnmiU_d72__EX-WjAJUWajU3q9Gya', 'LTIjrNT75VvMoV1mIPwnw4PxH4lMePaMV1yLoOM6', NULL, NULL, 'JessicaShelton@nomail.com', NULL, 2, NULL, 1601725907, 1601725907),
(27, 'Dorothy Hubbard', '$2y$13$BD1LjGrSzkrWoUtT0/Y9ue1e83bZ4t.cWISEoJKRxchwpp7Ic2LW6', 'qNNq-Pnb60mj6DgIb6vp_Mnize575IfM', 'qZaZ0SJvp_guc5L7DQQVbxlSHl9e4zoAs-uBvTT6', NULL, NULL, 'DorothyHubbard@nomail.com', NULL, 2, NULL, 1601725908, 1601725908),
(28, 'Hildegarde Britt', '$2y$13$os58H/bOxDJKJ/JACbRqSecB81GkZeQQ8tZxlvhfF6QT9Kave8jSe', 'L3z9FTP0exHjU6SY6cq1IWu4p7zscEl6', '3d9nxHShA5lclYbrqXCfF02PFqKxOz-af-MfalcA', NULL, NULL, 'HildegardeBritt@nomail.com', NULL, 2, NULL, 1601725909, 1601725909),
(29, 'Robert Kinney', '$2y$13$aTSHUBqHXWS1/HNlGaEbAOc0TezQWuC9EFo43Bbe1fOz.wm5zYmDu', 'qdkLT3AlEGrWu07MzLNSJvs0v2THsXe9', '1KLuBYbxkluhyfNdO5EPKCIaeHQhXdVdxe7_NJda', NULL, NULL, 'RobertKinney@nomail.com', NULL, 2, NULL, 1601725911, 1601725911),
(30, 'Barry Neese', '$2y$13$NA9tlwf4I3Qc6ChkjmAsau0jKfmr6TIUvv4XmFKYeF2NwnUv.eq.K', 'n-6zRVuPVZ1yUmiqCTaRXac0jbUbZwHr', 'OIz1JEhyr4_nA1g-QQiOk4_Hm02m1yrYtZGrKFFV', NULL, NULL, 'BarryNeese@nomail.com', NULL, 2, NULL, 1601725912, 1601725912),
(31, 'Lamar Gullixson', '$2y$13$XoKDpBJvkwtaOg2sZJpOw.HhONcQxPFk6WiQq0zkOqXK2yQ8df8/W', 'YVsYwU8wZTWFJZ09mTTsZSyrGaHi3Dlq', 'JTLC5p0QDJ60dOuwNfZQsVHp7mp83SFcg8CyveGt', NULL, NULL, 'LamarGullixson@nomail.com', NULL, 2, NULL, 1601725914, 1601725914),
(32, 'Richard Carter', '$2y$13$pzAh5fpDUgqbtX7Iiu03I.hY4YfclO2OWzLfaUcIK5HHj0z5S5lmC', 'dkb4LIdfQw9gnBWZftEX96bOclVJFdiu', 'dPbxLQt3TStFBBcHm5o596bOotdOgvZxPsYFqT3u', NULL, NULL, 'RichardCarter@nomail.com', NULL, 2, NULL, 1601725915, 1601725915),
(33, 'David Fant', '$2y$13$e3Esbr76wwKwlQQ1PRW4qunVJfKKFj292d5mXA0nCJh3XxsQ48lE6', 'dj3Eo-lyWyUqXnm9Iu7K97I5XR8cC5cJ', 'K-AR8EtvGhkW2KFfq6e2BJ498TOFZrA_A1erfcKY', NULL, NULL, 'DavidFant@nomail.com', NULL, 2, NULL, 1601725916, 1601725916),
(34, 'Brett Boyd', '$2y$13$.TNJ.WNQ3IduHOjO2ZTDb.W6PNPqjPCMrCOLlK5nPougJMdsm3ioi', 'wW92KlPlEXdsRYzHP9uSpjFywcOu8h1N', 'EM462nzQijqW0yJnYDD8OIRV6pq8Y9n9K-zHseko', NULL, NULL, 'BrettBoyd@nomail.com', NULL, 2, NULL, 1601725918, 1601725918),
(35, 'Jennifer Guerra', '$2y$13$g88.iycM1i4qOuRzw71emeFHSgiWQcicBaIuM8m9akswRin3ogkPi', 'NI_1Ung07tVwRwi4LRrS05jaZom3-Wy_', '3iFN9FM-bOizEujuT6EzwDqpAztp-wyZwM2rpNZb', NULL, NULL, 'JenniferGuerra@nomail.com', NULL, 2, NULL, 1601725919, 1601725919),
(36, 'Gail Dougherty', '$2y$13$DKKjeT0khCTaf3HOTgpGQe41F6/.UbaTNZz9AnnWUY9AyiUoQwhCG', 'gMo8dLPYzn3wcG3cg6udaVyXs7zK3i-W', '5JGq5d-GsniD9uRJHO5_SOd3WeEx4gGtq1jC4Jqx', NULL, NULL, 'GailDougherty@nomail.com', NULL, 2, NULL, 1601725921, 1601725921),
(37, 'James Shell', '$2y$13$jG/ZDQWjWrkmMC0CkLzWH.SBtJj0kpcK3JKLfBMECwLLGpxpePETq', 'mfA3uVEOazUZHhYTGbYoQLG2v21kEx7J', '-icgFbgIBGi4o8fvfh3zXOfVq_Ym_BJGDqEb2laS', NULL, NULL, 'JamesShell@nomail.com', NULL, 2, NULL, 1601725922, 1601725922),
(38, 'Judy Waverly', '$2y$13$7u9BtUFDn3tS59EjZJNpuujVQ//YOLNeCoavokNlgBp6Sgwmwm08q', 'qc-NBRsYry9cmNGxix0oXg2cPeEFcriy', 'iv9C_n9Ja0l32dRIqqBBBS5WRTVdfs2m3W6up2La', NULL, NULL, 'JudyWaverly@nomail.com', NULL, 2, NULL, 1601725923, 1601725923),
(39, 'Henry Lutz', '$2y$13$VHlvgP8m44c5cUc6pAMOPOWn2WW2sR3gl6aZCabHknjyHEbap1nPC', '1twwEtGQvC58yy8g-Fbx9gxwXg3B3tHN', 'zM6XkGIhqI-lKUasjY2mvf-GwYf2t0b6024g0T-l', NULL, NULL, 'HenryLutz@nomail.com', NULL, 2, NULL, 1601725925, 1601725925),
(40, 'Rebecca Muckle', '$2y$13$WqgCuUKV7Ax20GRxrkqIheIWdiu8m1sD/jOsgtnYnds1NvAK8sCsm', 'aPIYbCLZEgef21fA18pcDCaRL6NL9N9Q', 'vzNIJKenEICNN_nGDebCUPnkBNoa0KG3U5npoB48', NULL, NULL, 'RebeccaMuckle@nomail.com', NULL, 2, NULL, 1601725926, 1601725926),
(41, 'Lillie Shipley', '$2y$13$SZ4nBndUs3Qj0NTQsElUqeweZ9KhxqBoB6FHZimM4PdeEs0F1fMyC', 'gcy_BufXQwc8DYCKjZD1g7R-I4mRod1E', '9pAMr9x1jUlKo-GcUjCUePEUFizQb7dz1GkPD-WS', NULL, NULL, 'LillieShipley@nomail.com', NULL, 2, NULL, 1601725928, 1601725928),
(42, 'Dawn Stegmann', '$2y$13$fRvqypWx4YCHBg75eymWJu9YiKsWAtN4ZPf/qT6bb2eeg5biT0HFS', 'USMaGdwZewZzTgiGN_7kNaafr8kJgbn8', 'FUuH0EBa1U5lfeU7hbvInidgywq-XhDv8bUSJOWX', NULL, NULL, 'DawnStegmann@nomail.com', NULL, 2, NULL, 1601725929, 1601725929),
(43, 'Juana Garcia', '$2y$13$PqdJ0mJK7g7Ie9Rz1gP.nOSf8x7hcYXdI1Uw6soCE50kWLqnrakTm', 'Og3bV1gEsuQ6huq4gJGPX0DWLjIfSgeE', 'ndJzz_b6Yi5IKuEjqdbBycQwsF2AWnx3P9SCch-r', NULL, NULL, 'JuanaGarcia@nomail.com', NULL, 2, NULL, 1601725931, 1601725931),
(44, 'Jae Payton', '$2y$13$Yw3rXHNi1oZccknkjFFfbeZ0NMccBmf/6hqMPIzBDlH5l.6KCnCUS', '53YXVYyd-jn3lL7ma4KW1bOTcehQfOOa', 'yCZIrCLRmZfxT-uWgpWeXjRlQmKEduDqsm38Px3A', NULL, NULL, 'JaePayton@nomail.com', NULL, 2, NULL, 1601725933, 1601725933),
(45, 'Andrea Gill', '$2y$13$pwLK1kK/LkbqyZr5JUaIXunfh.qHCSn7VQesGdG4ynQ3S/oq3J5Ny', 'ssDpgkZ1j4y6cDTYE9AAd1FIg6xxmaIK', '6KSFn9uC2xSAKpYfMW4P3cf5r6bYP2LDctKQSDZR', NULL, NULL, 'AndreaGill@nomail.com', NULL, 2, NULL, 1601725934, 1601725934),
(46, 'August Delvalle', '$2y$13$B6bCkEQttbYm7LW/9SyNa.skHbOGMeOQcpirvrz1ACqT.CKaADOQG', 'a52SbT5JO4vVo2SXK0dkF8XsU_rG-7Ao', 'Xhwh6vK9mqgmDgn5_f7jxbsJaxMMBaIpxQJi47P_', NULL, NULL, 'AugustDelvalle@nomail.com', NULL, 2, NULL, 1601725936, 1601725936),
(47, 'Matt Kirkpatrick', '$2y$13$.sHipw/SaMbQjOSYMd44gupPamsb46b803Yj2.g86S5jcE4D.4.Zq', '7H0pBHEUQxdflWhxVzPKvJc5wfoVzybA', 'rtH7HJJFgNMWBld1L9wA4XjCcK-4j9xDXC_4dqrk', NULL, NULL, 'MattKirkpatrick@nomail.com', NULL, 2, NULL, 1601725937, 1601725937),
(48, 'Alan Hardt', '$2y$13$gcZY.Qz/bKKcIzJMf8Zb3.rLiaBaViidOh2ru34K2RTHQJXZGrFE.', '4vLCECQpRfvJS5wnEzW_k-W158mMzyBW', '6l-tqK3L0y1D_RsZABaFHIkhw6sNuZ1fUkV8ItG6', NULL, NULL, 'AlanHardt@nomail.com', NULL, 2, NULL, 1601725939, 1601725939),
(49, 'Ethel Bernier', '$2y$13$ibSLT/6ZuLDWtebknBK95.twBjvf5dRhBaDwhABwLL.L7pMdXJv86', 'JDDrq8SjtvVcLV4qDa1aJ_qdN_HFzDIM', 'Bmd9lvijah5w8lGYRQAjhuOy37riuBBdB6TfT-yc', NULL, NULL, 'EthelBernier@nomail.com', NULL, 2, NULL, 1601725940, 1601725940),
(50, 'Gloria Bethke', '$2y$13$4HuV6x.qPtYupJSNr0A2n.y2cL7X7uYUQ3Kcmbo81cDPdTqgu3kdG', 'gnmkgaW2RFT6tS0mCIOHrWRAARbk0aQg', 'GnnUUgH50WJq3ST8Pd_-Kl7fIs_smpNgGExEd1ew', NULL, NULL, 'GloriaBethke@nomail.com', NULL, 2, NULL, 1601725942, 1601725942),
(51, 'Velma Davis', '$2y$13$s7l9r2n49qwaAMpgS5TOqOKNtWE3kPeIF8nsoomXad.JVEXY4lZnu', 'XPa-3rVcapSZUlbBUb-cxp1KC2HUvU3e', '72vjLEZLfuEJCio6af1qMWzY9l7du35lyBITGOmt', NULL, NULL, 'VelmaDavis@nomail.com', NULL, 2, NULL, 1601725943, 1601725943),
(52, 'Louise Adam', '$2y$13$AEVS9MLoA9BgQLI5nJg8lOkrwB/fvfU/tlp0h5yR4gkLLVeQHrZCK', 'rKKu7cM9jif0J4O9I8k7AKFDeqQIztgl', 'MbfS5jV9i72yfg3V3mUtwZ32ZEpgVmNATSJks9I6', NULL, NULL, 'LouiseAdam@nomail.com', NULL, 2, NULL, 1601725944, 1601725944),
(53, 'Elizabeth Pinera', '$2y$13$s4rA7qnBa/gem195KvaC..eoXInRZhyxBx2m5Gxx/urhPl1l7KVL6', 'fkWIAfDKQCo0gCT6x8-dmDyeZVQMonFP', 'B-vLFL_ElGfCHIjzsir62FKc26ftVCgjrSaou6fh', NULL, NULL, 'ElizabethPinera@nomail.com', NULL, 2, NULL, 1601725946, 1601725946);

/*!40000 ALTER TABLE `user` ENABLE KEYS */;
UNLOCK TABLES;

--
-- Table structure for table `user_profile`
--

DROP TABLE IF EXISTS `user_profile`;
/*!40101 SET @saved_cs_client     = @@character_set_client */;
/*!40101 SET character_set_client = utf8 */;
CREATE TABLE `user_profile` (
  `user_id` int(11) NOT NULL AUTO_INCREMENT,
  `firstname` varchar(255) DEFAULT NULL,
  `middlename` varchar(255) DEFAULT NULL,
  `lastname` varchar(255) DEFAULT NULL,
  `avatar_path` varchar(255) DEFAULT NULL,
  `avatar_base_url` varchar(255) DEFAULT NULL,
  `locale` varchar(32) NOT NULL,
  `gender` smallint(1) DEFAULT NULL,
  PRIMARY KEY (`user_id`),
  CONSTRAINT `fk_user` FOREIGN KEY (`user_id`) REFERENCES `user` (`id`) ON DELETE CASCADE ON UPDATE CASCADE
) ENGINE=InnoDB AUTO_INCREMENT=4 DEFAULT CHARSET=utf8mb4;
/*!40101 SET character_set_client = @saved_cs_client */;

--
-- Dumping data for table `user_profile`
--

LOCK TABLES `user_profile` WRITE;
/*!40000 ALTER TABLE `user_profile` DISABLE KEYS */;
INSERT INTO `user_profile` VALUES (1,'John',NULL,'Doe',NULL,NULL,'en-US',NULL),(2,NULL,NULL,NULL,NULL,NULL,'en-US',NULL),(3,NULL,NULL,NULL,NULL,NULL,'en-US',NULL),
(4, NULL, NULL, NULL, NULL, NULL, 'en-US', NULL),
(5, NULL, NULL, NULL, NULL, NULL, 'en-US', NULL),
(6, NULL, NULL, NULL, NULL, NULL, 'en-US', NULL),
(7, NULL, NULL, NULL, NULL, NULL, 'en-US', NULL),
(8, NULL, NULL, NULL, NULL, NULL, 'en-US', NULL),
(9, NULL, NULL, NULL, NULL, NULL, 'en-US', NULL),
(10, NULL, NULL, NULL, NULL, NULL, 'en-US', NULL),
(11, NULL, NULL, NULL, NULL, NULL, 'en-US', NULL),
(12, NULL, NULL, NULL, NULL, NULL, 'en-US', NULL),
(13, NULL, NULL, NULL, NULL, NULL, 'en-US', NULL),
(14, NULL, NULL, NULL, NULL, NULL, 'en-US', NULL),
(15, NULL, NULL, NULL, NULL, NULL, 'en-US', NULL),
(16, NULL, NULL, NULL, NULL, NULL, 'en-US', NULL),
(17, NULL, NULL, NULL, NULL, NULL, 'en-US', NULL),
(18, NULL, NULL, NULL, NULL, NULL, 'en-US', NULL),
(19, NULL, NULL, NULL, NULL, NULL, 'en-US', NULL),
(20, NULL, NULL, NULL, NULL, NULL, 'en-US', NULL),
(21, NULL, NULL, NULL, NULL, NULL, 'en-US', NULL),
(22, NULL, NULL, NULL, NULL, NULL, 'en-US', NULL),
(23, NULL, NULL, NULL, NULL, NULL, 'en-US', NULL),
(24, NULL, NULL, NULL, NULL, NULL, 'en-US', NULL),
(25, NULL, NULL, NULL, NULL, NULL, 'en-US', NULL),
(26, NULL, NULL, NULL, NULL, NULL, 'en-US', NULL),
(27, NULL, NULL, NULL, NULL, NULL, 'en-US', NULL),
(28, NULL, NULL, NULL, NULL, NULL, 'en-US', NULL),
(29, NULL, NULL, NULL, NULL, NULL, 'en-US', NULL),
(30, NULL, NULL, NULL, NULL, NULL, 'en-US', NULL),
(31, NULL, NULL, NULL, NULL, NULL, 'en-US', NULL),
(32, NULL, NULL, NULL, NULL, NULL, 'en-US', NULL),
(33, NULL, NULL, NULL, NULL, NULL, 'en-US', NULL),
(34, NULL, NULL, NULL, NULL, NULL, 'en-US', NULL),
(35, NULL, NULL, NULL, NULL, NULL, 'en-US', NULL),
(36, NULL, NULL, NULL, NULL, NULL, 'en-US', NULL),
(37, NULL, NULL, NULL, NULL, NULL, 'en-US', NULL),
(38, NULL, NULL, NULL, NULL, NULL, 'en-US', NULL),
(39, NULL, NULL, NULL, NULL, NULL, 'en-US', NULL),
(40, NULL, NULL, NULL, NULL, NULL, 'en-US', NULL),
(41, NULL, NULL, NULL, NULL, NULL, 'en-US', NULL),
(42, NULL, NULL, NULL, NULL, NULL, 'en-US', NULL),
(43, NULL, NULL, NULL, NULL, NULL, 'en-US', NULL),
(44, NULL, NULL, NULL, NULL, NULL, 'en-US', NULL),
(45, NULL, NULL, NULL, NULL, NULL, 'en-US', NULL),
(46, NULL, NULL, NULL, NULL, NULL, 'en-US', NULL),
(47, NULL, NULL, NULL, NULL, NULL, 'en-US', NULL),
(48, NULL, NULL, NULL, NULL, NULL, 'en-US', NULL),
(49, NULL, NULL, NULL, NULL, NULL, 'en-US', NULL),
(50, NULL, NULL, NULL, NULL, NULL, 'en-US', NULL),
(51, NULL, NULL, NULL, NULL, NULL, 'en-US', NULL),
(52, NULL, NULL, NULL, NULL, NULL, 'en-US', NULL),
(53, NULL, NULL, NULL, NULL, NULL, 'en-US', NULL);

/*!40000 ALTER TABLE `user_profile` ENABLE KEYS */;
UNLOCK TABLES;

--
-- Table structure for table `user_token`
--

DROP TABLE IF EXISTS `user_token`;
/*!40101 SET @saved_cs_client     = @@character_set_client */;
/*!40101 SET character_set_client = utf8 */;
CREATE TABLE `user_token` (
  `id` int(11) NOT NULL AUTO_INCREMENT,
  `user_id` int(11) NOT NULL,
  `type` varchar(255) NOT NULL,
  `token` varchar(40) NOT NULL,
  `expire_at` int(11) DEFAULT NULL,
  `created_at` int(11) DEFAULT NULL,
  `updated_at` int(11) DEFAULT NULL,
  PRIMARY KEY (`id`)
) ENGINE=InnoDB DEFAULT CHARSET=utf8mb4;
/*!40101 SET character_set_client = @saved_cs_client */;

--
-- Dumping data for table `user_token`
--

LOCK TABLES `user_token` WRITE;
/*!40000 ALTER TABLE `user_token` DISABLE KEYS */;
/*!40000 ALTER TABLE `user_token` ENABLE KEYS */;
UNLOCK TABLES;
/*!40103 SET TIME_ZONE=@OLD_TIME_ZONE */;

/*!40101 SET SQL_MODE=@OLD_SQL_MODE */;
/*!40014 SET FOREIGN_KEY_CHECKS=@OLD_FOREIGN_KEY_CHECKS */;
/*!40014 SET UNIQUE_CHECKS=@OLD_UNIQUE_CHECKS */;
/*!40101 SET CHARACTER_SET_CLIENT=@OLD_CHARACTER_SET_CLIENT */;
/*!40101 SET CHARACTER_SET_RESULTS=@OLD_CHARACTER_SET_RESULTS */;
/*!40101 SET COLLATION_CONNECTION=@OLD_COLLATION_CONNECTION */;
/*!40111 SET SQL_NOTES=@OLD_SQL_NOTES */;

-- Dump completed on 2020-10-03 17:37:22
